GEOID20,district
34021010019,1
34037100003,2
34035025013,3
34027100001,4
34013070C29,5
34017060303,6
34031005001,7
34001045001,8
34029090032,9
34005065017,10
34005100009,11
34005192006,12
34037100002,2
34037050001,2
34037035003,2
34037035001,2
34017060311,6
34037050002,2
34037075001,2
34037100001,2
34037050003,2
34037025001,2
34017060304,6
34017060302,6
34017060305,6
34005100004,11
34005100001,11
34005100018,11
34005100011,11
34017060310,6
34017015006,6
34037075002,2
34041030001,2
34017015001,6
34017060309,6
34017015002,6
34017060301,6
34017060307,6
34017060306,6
34005100010,11
34005100002,11
34005100012,11
34005100007,11
34005100003,11
34005100005,11
34007135006,11
34005100013,11
34005100014,11
34007135003,11
34007043041,11
34007135023,11
34005100015,11
34017060107,6
34017040102,6
34005100017,11
34007135017,11
34007135009,11
34005100006,11
34005040005,11
34007135014,11
34005100008,11
34007043004,11
34007135018,11
34005100019,11
34007040408,11
34007040407,11
34007040402,11
34007040401,11
34005115001,11
34007135013,11
34007043009,11
34007135019,11
34007040409,11
34007135012,11
34007043003,11
34007120002,11
34007135015,11
34007135002,11
34007135005,11
34007040406,11
34007040405,11
34005140004,11
34007120001,11
34007043008,11
34007135010,11
34007120003,11
34005115005,12
34037025002,2
34037035004,2
34037035002,2
34037115001,2
34037015001,2
34041045001,2
34037085001,2
34037025003,2
34041020001,2
34037025004,2
34037075005,2
34037075006,2
34041020005,2
34041020002,2
34041065001,2
34037075004,2
34037075003,2
34041020003,2
34037050004,2
34037065003,2
34017060108,6
34017060109,6
34017015003,6
34017060308,6
34017015004,6
34017060209,6
34017060204,6
34007043042,11
34007135011,11
34005115004,11
34007043023,11
34005140008,11
34007135007,11
34007040410,11
34007135008,11
34005040018,11
34007040403,11
34005040007,11
34007043048,11
34007135021,11
34007135001,11
34007040309,11
34007040302,11
34007135022,11
34007135024,11
34007135004,11
34007040301,11
34007040303,11
34007135020,11
34007040308,11
34007135016,11
34007040404,11
34007040307,11
34007040306,11
34007055004,11
34007040305,11
34007055011,11
34007055008,11
34005140003,11
34007080007,11
34005125006,11
34007040203,11
34007040304,11
34007043018,11
34007043024,11
34005040003,11
34007040102,11
34005192003,12
34005040020,11
34005192010,12
34007043015,11
34005192014,12
34007040103,11
34005192002,12
34005192005,12
34005100016,11
34007040201,11
34007043006,11
34007055001,11
34007055009,11
34007040202,11
34007040211,11
34007055012,11
34007185001,11
34007185002,11
34007080002,11
34007080003,11
34007040204,11
34007055002,11
34005040006,11
34005040008,11
34007040109,11
34005040019,11
34005140002,11
34007040104,11
34005115003,11
34007040108,11
34005140007,11
34007043012,11
34007040101,11
34007043032,11
34007080011,11
34007080005,11
34007085009,11
34007055010,11
34007040207,11
34007040210,11
34007040205,11
34007040206,11
34007040208,11
34007055005,11
34007040105,11
34007080013,11
34007055007,11
34007080009,11
34005040004,11
34007130001,11
34007080001,11
34007055006,11
34007043001,11
34007055003,11
34005140009,11
34005115002,11
34005125008,12
34005065027,10
34005065029,10
34005065019,10
34005065018,10
34005192015,12
34005192009,12
34005192004,12
34005192020,12
34005192001,12
34005192019,12
34005192016,12
34005192012,12
34005192007,12
34005192008,12
34005192030,12
34005030019,12
34017060207,6
34017040103,6
34017060106,6
34017040105,6
34017040101,6
34003065004,6
34017040104,6
34037040003,2
34041055002,2
34005065028,10
34005065031,10
34005065032,10
34005065020,10
34005140006,11
34007040209,11
34005040015,11
34007040106,11
34007040107,11
34005160002,11
34005140001,11
34007077102,11
34007077101,11
34007080015,11
34007040110,11
34007130004,11
34005140005,11
34007080014,11
34005115008,12
34005115007,11
34007080004,11
34007077103,11
34007085008,11
34005040002,11
34005040017,11
34005040016,11
34007080008,11
34007077201,11
34007043025,11
34007010001,11
34007080010,11
34007080006,11
34007130002,11
34007077202,11
34005160003,11
34007085010,11
34005125003,11
34007080012,11
34005065022,10
34005105007,10
34005125009,11
34007005005,11
34005105003,10
34005125007,11
34007175003,10
34007077203,11
34007170011,10
34007130003,11
34007170016,10
34007043017,11
34007175001,10
34005115010,11
34007175007,10
34005115006,11
34005040014,12
34007043011,11
34007043021,11
34005030002,12
34005160001,11
34005115011,11
34005030004,12
34007043002,11
34005192018,12
34007005007,11
34005192017,12
34007005006,11
34005030006,12
34005060005,12
34007085002,11
34005192032,12
34007085007,11
34005192011,12
34007077301,11
34005060006,12
34007005003,11
34005030007,12
34007005004,11
34005030005,12
34007005001,11
34005030003,12
34015105002,11
34005025401,12
34005030001,12
34005060007,12
34015100002,11
34015100008,11
34005192023,12
34015100009,11
34005060004,12
34015100015,11
34005060008,12
34005060002,12
34015100010,11
34005060003,12
34015060001,11
34005060001,12
34007077302,11
34005010002,12
34005010003,12
34015060004,11
34005025402,12
34015100003,11
34005192024,12
34007125002,11
34005192033,12
34005192026,12
34015060002,11
34005192022,12
34007005002,11
34005025403,12
34007005008,11
34005025203,12
34005010001,12
34007125001,11
34005030009,12
34007035001,11
34007043020,11
34007043014,11
34005125001,11
34007085006,11
34007043007,11
34015100007,11
34007043031,11
34015105003,11
34015060003,11
34015100005,11
34015110301,11
34015110102,11
34007125004,11
34007020006,11
34007020005,11
34015110304,11
34015110303,11
34015100016,11
34007090004,11
34015100013,11
34015100006,11
34007090005,11
34015010007,11
34015105001,11
34015100014,11
34015110302,11
34007043013,11
34005040012,11
34005040010,11
34015100011,11
34007043035,11
34007020003,11
34015110103,11
34005040013,12
34007085001,11
34015100019,11
34007125003,11
34005125017,11
34007085003,11
34015110101,11
34015100017,11
34015100004,11
34015100018,11
34007043022,11
34015100001,11
34005125013,11
34007170006,10
34007030002,10
34005065010,10
34005065016,10
34007175002,10
34005105016,10
34007030001,10
34005065015,10
34007025001,10
34005105011,10
34007175005,10
34005065011,10
34007170009,10
34005065026,10
34007180203,10
34007175008,10
34007175006,10
34005125015,11
34015015001,11
34015070004,11
34015070001,11
34005125011,11
34005030008,12
34005045006,12
34005192021,12
34005025202,12
34005192013,12
34005192025,12
34005030013,12
34005115013,12
34005115012,12
34005125010,11
34015010013,11
34015115004,11
34015100012,11
34015050012,11
34015035005,11
34015110201,11
34015110203,11
34015110202,11
34015115001,11
34015070003,11
34005040009,11
34015115003,11
34015015007,11
34015015002,11
34015070005,11
34005040011,12
34015115002,11
34015110204,11
34007090006,11
34015010015,11
34015050002,11
34007020004,11
34015010005,11
34015010017,11
34015010012,11
34015050004,11
34005115009,11
34007090001,11
34007085005,11
34015010011,11
34015015004,11
34007020002,11
34015035004,11
34015070002,11
34005115014,12
34005125022,11
34015010018,11
34007090002,11
34005115016,12
34015050003,11
34015035003,11
34005115015,12
34015010019,11
34005125020,11
34017040204,6
34017060208,6
34017060104,6
34017060105,6
34017015005,6
34017060206,6
34017040205,6
34003065001,6
34003030004,6
34017060203,6
34005065025,10
34007170010,10
34007170015,10
34007030003,10
34005105013,10
34005165003,10
34007180205,10
34007025005,10
34007180106,10
34005105005,10
34005105008,10
34005105015,10
34007170003,10
34007170014,10
34007025002,10
34007180401,10
34005105004,10
34005165002,10
34001040018,8
34005125019,11
34005025302,12
34005025303,12
34005025103,12
34005030011,12
34005030012,12
34005030014,12
34005045005,12
34005025201,12
34005025102,12
34005025301,12
34005025101,12
34005155001,12
34005192031,12
34005045004,12
34005030018,12
34005030016,12
34005030010,12
34005030017,12
34005050204,12
34005045003,12
34005050203,12
34005075203,12
34005075301,12
34005075302,12
34005075303,12
34005075202,12
34005075103,12
34005095003,12
34005075201,12
34005075102,12
34005075101,12
34005095004,12
34015015005,11
34005095005,12
34015015003,11
34005095002,12
34015050008,11
34015050007,11
34007150006,11
34007043044,11
34007015001,11
34015035001,11
34007090003,11
34015035006,11
34015050009,11
34005125014,11
34015015006,11
34015040008,11
34005125023,11
34005065003,11
34005065001,11
34007090007,11
34005125027,11
34015035002,11
34015050010,11
34015040003,11
34007043045,11
34005080003,12
34007020001,11
34015050011,11
34007150002,11
34007150003,11
34007150004,11
34007043027,11
34007043037,11
34015120003,11
34015045004,11
34015010021,11
34007015003,11
34015010006,11
34015120005,11
34007015005,11
34015045003,11
34015010020,11
34007020007,11
34007075002,11
34015010002,11
34015010004,11
34015010010,11
34005125005,12
34005050301,11
34015050001,11
34015075004,11
34005125021,11
34015040007,11
34007075022,11
34015120002,11
34005080002,12
34029090036,9
34029035058,9
34005020001,12
34001030101,8
34009055001,8
34001040004,8
34005070001,12
34005015101,12
34021015014,12
34001115002,8
34001115001,8
34021015029,12
34011045001,8
34001060001,8
34005065021,11
34007110009,10
34007150005,11
34007025004,10
34015010016,11
34005110003,10
34015095003,11
34007150001,11
34007025003,10
34015075002,11
34007065002,10
34015075001,11
34007045001,10
34009055008,8
34015075006,11
34011050102,8
34005105012,10
34015075005,11
34009055006,8
34005110004,10
34015050005,11
34011050104,8
34005165001,10
34015095002,11
34007050003,10
34007015002,11
34009055007,8
34009080002,8
34015010001,11
34007140003,10
34009055012,8
34005115017,12
34011010004,8
34007180201,10
34015075003,11
34001040003,8
34015095001,11
34007043010,11
34007180306,10
34011070608,8
34015075007,11
34007075034,10
34007043026,11
34007110005,10
34001040002,8
34005050306,12
34009055002,8
34005125024,12
34011010002,8
34007180403,10
34009020003,8
34011070607,8
34005105010,10
34005105002,10
34001040021,8
34007180104,10
34001040001,8
34007180202,10
34007180103,10
34005180003,10
34029090037,9
34029090002,9
34021015011,12
34021015024,12
34005015103,12
34005015102,12
34021015012,12
34015030011,11
34015050006,11
34021055S08,12
34015090001,11
34015010022,11
34021015005,12
34015010009,11
34007043040,11
34021015063,12
34007043019,11
34015030009,11
34015030007,11
34005080005,12
34015010014,11
34007085004,11
34015120004,11
34015040005,11
34015010003,11
34007075013,11
34015045001,11
34033035001,11
34015085001,11
34005125026,12
34007075019,10
34005050303,11
34005065024,10
34005050305,12
34005125025,11
34015120006,11
34001065003,10
34015045002,11
34007175004,10
34015040009,11
34007043034,10
34015040002,11
34007170013,10
34007075003,11
34007075040,11
34007170017,10
34007170008,10
34015040006,8
34005040001,11
34007180405,10
34007075035,10
34015120007,11
34015120001,11
34007180404,10
34007075021,11
34007180305,10
34015040001,11
34007180303,10
34015085002,11
34015080003,8
34007140005,10
34015120008,11
34007140002,10
34005050304,11
34033000705,11
34007075031,10
34007075036,10
34007075012,11
34005110001,10
34007075011,11
34005110002,10
34007075026,11
34007075018,10
34007075016,11
34007050002,10
34005050302,12
34033000704,11
34007145001,10
34007180402,10
34033007001,11
34007180304,10
34033040001,11
34005105014,10
34033004002,11
34001065004,10
34033004003,11
34015090005,11
34015040004,11
34015030013,11
34005065005,11
34007075004,11
34015010008,11
34007075001,11
34015030008,11
34005125018,11
34005125004,11
34029090031,9
34029090038,9
34029035030,9
34029090004,9
34029090023,9
34029035045,9
34029090003,9
34029035048,9
34029090005,9
34029090015,9
34029070032,9
34029035047,9
34029035006,9
34005015301,12
34021055S03,12
34029070033,9
34029090033,9
34021015023,12
34029090024,9
34021055S09,12
34029065001,9
34021055S06,12
34029055004,9
34021055S07,12
34021055S02,12
34021015018,12
34021055S04,12
34021055S01,12
34021015004,12
34011050103,8
34021055N09,12
34011050402,8
34021015038,12
34011050202,8
34021015006,12
34011045002,8
34001105104,8
34001090101,8
34001105203,8
34005125012,11
34011050501,8
34005080001,12
34005090005,12
34001090102,8
34001105103,8
34005065007,11
34001105201,8
34009055014,8
34007043038,11
34011050403,8
34005065002,11
34007115003,11
34011050101,8
34015080002,11
34009020008,8
34011010003,8
34007015004,11
34001060007,8
34015090006,11
34011070610,8
34007075009,11
34005050101,11
34011070604,8
34005050102,12
34005155004,12
34007075024,11
34011070609,8
34015080001,11
34011070601,8
34007160004,11
34001070101,8
34007075025,11
34001070203,8
34015090004,11
34001070201,8
34007075015,11
34001040007,8
34015090009,11
34011010001,8
34005080004,12
34001090103,8
34015030012,11
34001105102,8
34015090017,11
34001070202,8
34015090003,11
34009080001,8
34015090016,11
34009040201,8
34015090019,11
34011070606,8
34033000703,11
34001105204,8
34015090018,11
34001105101,8
34015090029,11
34001105202,8
34015090002,11
34011070602,8
34015090014,11
34015090020,11
34009055003,8
34015090008,11
34009055013,8
34001070102,8
34033000702,11
34001040006,8
34015030010,11
34001040022,8
34015090013,11
34005125016,11
34009040403,8
34009040301,8
34009055015,8
34007075005,11
34009055010,8
34009040103,8
34007075007,11
34001040019,8
34005050205,12
34005155003,11
34001060003,8
34005105006,11
34001060008,8
34029070042,9
34009040104,8
34005090001,11
34001060005,8
34029070006,9
34009040303,8
34009055005,8
34001040005,8
34011070603,8
34001060013,8
34011070605,8
34009055009,8
34029055019,9
34001065006,10
34009020005,8
34011070502,8
34029070026,9
34007065001,10
34001040011,8
34005165004,10
34029070012,9
34007180102,10
34009040101,8
34009020004,8
34009020006,8
34007180301,10
34009020001,8
34001025001,8
34007110007,10
34011070505,8
34001025002,8
34029070005,9
34007180302,10
34001040012,8
34007110004,10
34029055022,9
34011020002,8
34001095204,8
34029070007,9
34001090201,8
34007170007,10
34001090104,8
34015055213,10
34001090202,8
34007180105,10
34011070406,8
34029070038,9
34029070041,9
34007180204,10
34011050503,8
34015055201,10
34029055011,9
34015055209,10
34011050506,8
34015055216,10
34029055018,9
34011070506,8
34009020007,8
34015055319,10
34009020002,8
34029055026,9
34015055312,10
34001040013,8
34029070039,9
34009055004,8
34001065007,10
34011050201,8
34001080003,8
34007180101,10
34021015008,12
34021055E09,12
34007170019,10
34029070017,9
34007110003,10
34021015046,12
34015055421,10
34029055006,9
34021015022,12
34015055415,10
34021015037,12
34029055016,9
34005020002,12
34015055318,10
34021055S05,12
34029055005,9
34015055203,10
34029070016,9
34007043047,10
34005020003,12
34015055405,10
34005015201,12
34029055015,9
34005105001,10
34005020007,12
34015055408,10
34029055003,9
34015055210,10
34015055120,10
34007075029,10
34005090007,11
34005020005,12
34015055124,10
34021055N06,12
34005065012,10
34015055302,10
34015090012,11
34021015039,12
34015090011,11
34021015064,12
34001065005,10
34015090010,11
34021015015,12
34005155008,12
34005185001,10
34005050105,12
34005065030,11
34021055E05,12
34015090030,11
34015090033,11
34015090031,11
34005030015,12
34015090032,11
34021055E03,12
34005050106,11
34005155007,12
34021055E08,12
34005065009,11
34005065013,11
34021015053,12
34005105017,12
34005095001,12
34015090023,11
34005095006,12
340210055E7,12
34015090024,11
34015090038,11
34005095008,12
34021015051,12
34015055123,11
34005192028,12
34005192029,12
34015055107,11
34005192027,12
34021015048,12
34005192034,12
34015055117,11
34005192035,12
34015055214,11
34021015054,12
34015055326,11
34015055404,11
34015055411,11
34015055425,11
34001025003,11
34001020002,11
34001020001,11
34011070407,11
34011070404,8
34001060006,11
34029055001,9
34029070004,9
34029070037,9
34029070027,9
34029055007,9
34029070014,9
34029070011,9
34029055021,9
34029070036,9
34029070015,9
34029070022,9
34029055008,9
34025095008,9
34029035062,9
34029070043,9
34029035052,9
34029070029,9
34029070018,9
34029070021,9
34001060012,11
34029035059,9
34029070001,9
34001085101,11
34005020004,12
34021055N12,12
34029055002,9
34021015035,12
34029055027,9
34021015059,12
34029055031,9
34029055032,9
34005175001,12
34029055012,9
34029055025,9
34029055010,9
34029055030,9
34029070028,9
34029070008,9
34029070040,9
34005175003,12
34025080011,9
34029055023,9
34029090034,9
34029035024,9
34029035049,9
34029070019,9
34029070020,9
34029035043,9
34029070023,9
34025095024,9
34025095006,9
34025095025,9
34011050401,8
34025095030,9
34011050502,8
34025095016,9
34011040001,8
34025095017,9
34011ZZZZZZ,8
34011020001,8
34029055009,9
34011050301,8
34001095203,8
34029030016,9
34029035022,9
34001110003,8
34029070010,9
34001080001,8
34001080004,8
34001075001,8
34009040302,8
34009040401,8
34001110005,8
34029070009,9
34009040105,8
34001040017,8
34005020006,12
34029070013,9
34009040202,8
34009040305,8
34021015041,12
34009045001,8
34009040404,8
34021015017,12
34001090204,8
34009045004,8
34009055011,8
34029035023,9
34009040203,8
34021015055,12
34001110004,8
34029055013,9
34021015047,12
34009040204,8
34009005001,8
34029035014,9
34009040102,8
34021015060,12
34001090203,8
34029035025,9
34009040402,8
34005190001,12
34029035021,9
34009040405,8
34009045002,8
34001010602,8
34029035044,9
34009005002,8
34005035001,12
34009005003,8
34029035050,9
34009030002,8
34029035051,9
34009050001,8
34009050002,8
34009040304,8
34029035063,9
34011025003,8
34029035037,9
34009045003,8
34009035101,8
34029035013,9
34009035102,8
34009035103,8
34029035056,9
34009035104,8
34009030016,8
34009040205,8
34005020008,12
34029090028,9
34009035201,8
34009035202,8
34029035036,9
34009035203,8
34009035204,8
34009140001,8
34021015027,12
34029090022,9
34009140002,8
34029090039,9
34021015020,12
34009065001,8
34009140003,8
34021015026,12
34029030057,9
34009140004,8
34029035010,9
34009030013,8
34009140005,8
34029090027,9
34009075001,8
34029070002,9
34009075002,8
34009075003,8
34009075004,8
34009025302,8
34009030001,8
34029070035,9
34009030018,8
34009030003,8
34009030017,8
34025095011,9
34009030005,8
34005180005,10
34025095031,9
34009030006,8
34007170002,10
34009030015,8
34029055014,9
34007170018,10
34009030007,8
34025095019,9
34009030004,8
34007100001,10
34009030009,8
34025095026,9
34009030010,8
34005180004,10
34009030008,8
34025095023,9
34005170003,10
34009030011,8
34029070034,9
34005170006,10
34009030012,8
34025095003,9
34009030014,8
34029070030,9
34005170005,10
34029030050,9
34009025108,8
34005180002,10
34009025101,8
34005180001,10
34009025102,8
34007110002,10
34009025103,8
34009025104,8
34009025105,8
34007043043,10
34009025106,8
34007043028,10
34009025109,8
34009025208,8
34007170004,10
34009025107,8
34009025201,8
34009025202,8
34007170005,10
34009025209,8
34009025206,8
34009025203,8
34007140006,10
34009025204,8
34009025207,8
34009025307,8
34007160005,10
34009025210,8
34009025308,8
34005150014,10
34009025205,8
34007075030,10
34009025303,8
34009010003,8
34009060001,8
34007100002,10
34009010002,8
34001042203,10
34009010005,8
34007050001,10
34009025306,8
34009010004,8
34009010001,8
34009060002,8
34001055002,10
34009025309,8
34009015001,8
34009075005,8
34009025305,8
34001100201,10
34009025304,8
34009025301,8
34011050303,8
34001050001,11
34011050504,8
34001065002,10
34001060010,8
34001065001,11
34011030001,8
34011050302,8
34011025001,8
34001085201,11
34011070205,8
34011070401,11
34011050505,8
34011070405,11
34001040020,8
34001085301,11
34001042103,10
34033020002,8
34001042202,11
34001095202,8
34001055004,11
34001055013,11
34011005203,8
34011005202,8
34009ZZZZZZ,8
34011015001,8
34011035003,8
34011005305,8
34011005304,8
34011005303,8
34001010401,8
34001080002,8
34021010008,1
34011005201,8
34021010021,1
34001110002,8
34021010018,1
34033020001,8
34001010403,8
34021010024,1
34011070204,8
34021010026,1
34011025002,8
34021030009,1
34011005302,8
34011035002,8
34011005101,8
34011055001,8
34011005402,8
34001010604,8
34033050004,8
34001010303,8
34001010502,8
34011025004,8
34001110001,8
34021055E01,12
34001010304,8
34021015061,12
34001010202,8
34021015057,12
34005175002,12
34001010203,8
34021015045,12
34001010104,8
34021015009,12
34021030001,1
34001010101,8
34005055007,12
34001015401,8
34021015002,12
34021015042,12
34001015301,8
34021015043,12
34021055N02,12
34001015201,8
34021055N08,12
34001010301,8
34005055003,12
34001010601,8
34021015062,12
34005035002,12
34001010603,8
34033055002,8
34021015031,12
34011005301,8
34001010404,8
34021015010,12
34021015003,12
34011070203,8
34021015056,12
34001010201,8
34021015036,12
34021015030,12
34011060001,8
34021060004,12
34001010501,8
34021055N03,12
34011005401,8
34021055N07,12
34029025409,9
34011070206,8
34021015040,12
34029035018,9
34021015021,12
34029035040,9
34001010302,8
34005115019,12
34029070025,9
34021060006,12
34001095103,8
34021015033,12
34001005201,8
34005055004,12
34029035001,9
34021015034,12
34001005101,8
34029030029,9
34005055002,12
34001005102,8
34029030034,9
34021015049,12
34001005103,8
34021055E06,12
34029035004,9
34001005203,8
34021060001,12
34001010103,8
34029035060,9
34001010102,8
34029035039,9
34011005501,8
34029035057,9
34029030043,9
34001095201,8
34029030020,9
34029030013,9
34001010402,8
34029030046,9
34001055015,8
34025095007,9
34001055006,8
34025095022,9
34011065002,8
34025095018,9
34001040009,8
34029035028,9
34029030030,9
34029030023,9
34025095009,9
34001055003,8
34025095014,9
34033050005,8
34029030028,9
34029070003,9
34011065003,8
34029070031,9
34029030006,9
34011070106,8
34033050003,8
34029090029,9
34029055033,9
34015025007,8
34025095028,9
34015025008,8
34025095021,9
34001040010,8
34029090021,9
34029030039,9
34011035001,8
34029090010,9
34001005202,8
34025095012,9
34001040008,8
34029035002,9
34025095020,9
34025080016,9
34011070202,8
34033001501,8
34025080007,9
34001095101,8
34011070301,8
34005005001,10
34001095102,8
34025080008,9
34029080002,10
34025080014,9
34029080013,10
34001095104,8
34025080004,9
34029030003,9
34029080009,10
34029025308,9
34033050001,8
34029080007,10
34001060009,11
34029035015,9
34029080011,10
34011065004,8
34025095013,9
34029080012,10
34033050002,8
34001055007,10
34029035034,10
34029080004,10
34011070104,8
34029035009,9
34015025003,8
34029160001,10
34029025421,9
34001055012,11
34029055028,9
34021010002,1
34015065001,8
34029025137,9
34029080001,10
34021010001,1
34021010020,1
34029160002,10
34029020001,9
34001ZZZZZZ,8
34021030002,1
34005170004,10
34029110001,9
34021030010,1
34029025422,9
34029025415,9
34007170012,10
34025080022,9
34021035021,1
34029025412,9
34007043036,10
34021010014,1
34029025319,9
34021030003,1
34029035003,9
34005150009,10
34029025327,9
34005150013,9
34029025313,9
34029150005,10
34029025417,9
34029025410,9
34029025423,9
34029150011,10
34029025424,9
34029025425,9
34029150007,10
34029025418,9
34029025326,9
34029150008,10
34029025428,9
34029025438,9
34029150020,10
34029025414,9
34029090016,9
34029150009,10
34029115002,12
34029150010,10
34029150014,10
34029090040,9
34029150021,10
34029150017,10
34029090025,9
34029150015,10
34029090009,9
34029090017,9
34029150006,10
34029090018,9
34029090026,9
34029150019,10
34029090014,9
34029090019,9
34029150016,10
34029150012,10
34029090012,9
34029090013,9
34029150018,10
34029090020,9
34029090035,9
34029003004,10
34029090011,9
34029145001,9
34029003006,10
34029090008,9
34029090001,9
34029003010,10
34025080006,9
34029003003,10
34025080010,9
34021030007,1
34007140001,10
34025080025,9
34021030005,1
34007140004,10
34025080021,9
34025080002,9
34005065008,10
34025095015,9
34025080023,9
34005170001,12
34025095005,9
34007155001,10
34029110002,9
34005065023,10
34029030031,9
34029003013,10
34029030024,9
34029003015,10
34029035054,9
34029080003,10
34029035027,9
34005065014,10
34021060007,12
34007170001,10
34029030021,9
34005050206,12
34029035019,9
34005190005,12
34029040001,10
34025080024,9
34029030033,9
34029150002,10
34029145002,9
34005120007,12
34029150013,10
34005120002,12
34029020003,9
34029150003,10
34005120003,12
34029055017,9
34029150004,10
34021015032,12
34029003002,10
34021015019,12
34029055029,9
34029055034,9
34021055W14,12
34029020004,9
34021015016,12
34029003001,10
34029035033,9
34005192036,12
34021060009,12
34029003011,10
34029020005,9
34025080018,9
34021060005,12
34029102006,10
34025080013,9
34021015001,12
34025080009,9
34029080010,10
34021015058,12
34025080026,9
34021015050,12
34029150001,10
34025080012,9
34021015028,12
34029003007,10
34021015025,1
34029003012,10
34021015013,12
34029080016,10
34029003014,10
34029003008,10
34021055E04,12
34029080015,10
34029003009,10
34021055E02,12
34005150007,10
34005150008,10
34021060008,12
34029102003,10
34021060002,12
34029102004,10
34029102005,10
34007160002,10
34007160001,10
34007110001,10
34007115001,10
34007155003,11
34007110006,10
34005145001,10
34005150005,10
34021030011,1
34021040001,1
34021040002,1
34021040003,1
34005115020,12
34021010022,1
34005045002,12
34021065013,12
34021010003,1
34021010004,1
34021010027,1
34021035017,1
34021010016,1
34021010011,1
34019130002,1
34001055009,10
34029003005,9
34007075020,10
34007075032,10
34011070102,11
34005065004,10
34011070101,11
34007043033,10
34011070103,11
34029080008,10
34007075039,10
34005105009,10
34001055014,10
34001055001,11
34005150003,10
34005150004,10
34005150010,10
34005150011,10
34029080006,10
34019085001,1
34019085002,1
34021030004,1
34021030012,1
34025080005,9
34029035035,9
34029070024,9
34025095032,9
34025095029,9
34015025011,8
34029030027,9
34025095010,9
34001040015,8
34029030056,9
34025140001,9
34033010001,8
34011070504,8
34001040014,8
34011070503,8
34015025002,8
34033005501,8
34015025001,8
34033000501,8
34001060011,8
34033060E01,8
3403360W002,8
34011070201,8
34015005004,8
34015005003,8
34015005002,8
34015005001,8
34015005006,8
34011070303,8
34011070302,8
34011065001,8
34033050006,8
34033042009,8
34033004208,8
34033004206,8
34033042007,8
34033004205,8
34033004203,8
34015025005,8
34033005002,8
34033070002,8
34021065012,12
3403360W001,8
34021005004,12
34033045003,8
34033075002,8
34033060E02,8
34015020004,8
34015025009,8
34033004204,8
34001040016,8
34015025004,11
34033075001,8
34015005005,8
34033004202,8
34001060004,8
34001055008,8
34033042001,11
34033045001,11
34015055122,8
34033030001,11
34033045002,8
34015025006,11
34015020003,8
34015020002,8
34015055306,11
34001055017,11
34001100101,11
34001055016,11
34011070501,8
34001055005,11
34033070001,11
34001015101,11
34011070105,11
34015025010,11
34015030003,11
34029080014,8
34011070403,8
34011070402,8
34029ZZZZZZ,8
34029102001,10
34029060017,10
34029060007,10
34029060008,10
34029060002,10
34029060009,10
34029060001,9
34029060011,10
34029060018,10
34029060012,10
34029025240,10
34029060005,10
34029060004,10
34029025116,10
34029060015,10
34029060016,9
34007075038,10
34029060003,9
34029102002,10
34005150002,10
34029025320,10
34007043046,10
34005170002,12
34029060006,10
34029025235,10
34029060014,10
34007075014,10
34007075023,10
34029025139,10
34029025102,10
34029025236,10
34005055001,12
34029025134,10
34029035031,9
34029060013,10
34029035053,9
34029035012,9
34029030010,10
34029030053,10
34029075001,10
34029030055,10
34029030011,9
34029030005,10
34029120008,10
34029120004,10
34029120003,10
34029120016,10
34029120012,10
34029120011,10
34029120013,10
34029120002,10
34029120006,10
34029120005,10
34029120015,10
34029030018,10
34025045003,10
34025260011,10
34025045002,10
34029030012,9
34025260009,10
34025135001,10
34021035020,1
34021010017,1
34021010015,1
34021010005,1
34019130001,1
34019085004,1
34019085003,1
34021035018,1
34021030008,1
34021035007,1
34021010012,1
34021035001,1
34021010006,1
34021055W03,1
34021035003,1
34021055W07,1
34019040002,1
34019035005,1
34023010002,12
34025140014,9
34025075006,9
34025140021,9
34025140015,9
34029055024,12
34021010013,1
34021055W10,1
34021025002,1
34019115001,1
34019035001,1
34025260010,10
34025245002,10
34025245003,10
34025245004,10
34025245005,10
34025240004,10
34025235001,10
34025260003,10
34025240001,10
34025260005,10
34025260006,10
34025170016,10
34025172003,10
34025172004,8
34025170005,10
34025170014,10
34025170010,10
34025170020,10
34025185022,10
34025185016,10
34025185020,10
34025185012,10
34025185019,10
34025185014,8
34025055004,10
34025055008,10
34025055003,10
34025055007,10
34025265006,10
34025055005,10
34025185006,10
34025055001,10
34029115004,9
34025225003,10
34025080001,9
34025080020,9
34025230001,10
34025247008,10
34025075001,9
34025225002,10
34025247015,10
34025225001,10
34025075003,9
34025265002,8
34025075002,9
34025200006,10
34025140028,9
34025075007,9
34025200004,10
34025080015,9
34025200005,10
34025200008,10
34025075004,9
34019040005,1
34019035003,1
34021065011,1
34025075005,9
34025155035,10
34019040001,1
34021035008,1
34025155010,8
34023090008,12
34025130007,9
34019080004,1
34025155041,10
34023090009,12
34025155040,10
34025140017,9
34025155043,10
34025140016,9
34025200009,10
34023090010,12
34025130008,9
34025130006,9
34025247006,10
34025190004,10
34025130016,9
34029015001,8
34025155020,10
34029010001,8
34025155030,10
34025135003,8
34025155045,10
34025130011,9
34029123003,8
34025140005,9
34025155038,10
34029135002,8
34025155022,10
34029130001,8
34025155031,10
34029123004,10
34025265005,10
34025090010,10
34029135001,8
34025ZZZZZZ,8
34025090002,10
34025090001,10
34021030006,1
34023090012,12
34021020002,12
34021005008,12
34023010001,12
34025130015,9
34025130010,9
34025140022,9
34025080003,9
34025130025,9
34021025001,1
34035065019,1
34021010007,1
34021035011,1
34025130027,9
34021035013,1
34025080019,9
34021035015,1
34025130005,9
34021050004,1
34025130017,9
34021050022,1
34025130026,9
34035065002,1
34025130003,9
34021050005,1
34021010009,1
34025130004,9
34021010025,1
34025130020,9
34021010028,1
34025080017,9
34019080003,1
34029090007,9
34025130024,9
34025130002,12
34025155001,10
34025090008,8
34025090007,10
34025082002,10
34025247004,10
34025247003,10
34025082005,8
34025247012,10
34025082006,10
34025155039,10
34025185021,10
34025155025,10
34025247005,10
34025055009,10
34025247011,10
34025055002,10
34025090003,10
34025015007,8
34025015006,8
34025130019,9
34025215002,8
34025155006,8
34029115006,9
34025215001,8
34021020003,12
34025130009,9
34025165002,8
34005190003,12
34029055020,9
34025120001,8
34025210006,8
34021005005,12
34025210003,8
34025130018,9
34023010003,12
34025085002,8
34021005002,12
34025085003,8
34025130023,9
34025085004,8
34025060001,9
34021020001,12
34025085001,8
34025025001,8
34021020004,12
34025130021,9
34025025003,8
34021005014,12
34025025004,8
34025130022,9
34025015005,8
34021005013,12
34025130013,9
34025105006,8
34005135001,9
34023065105,12
34025130001,9
34025255004,12
34023090003,12
34019035002,1
34021065009,12
34019080002,1
34019105006,1
34021065001,12
34019105017,1
34021005007,12
34019040004,1
34023105001,12
34035065013,1
34021050020,1
34035065016,1
34035065004,1
34025130012,9
34025130014,8
34029090006,9
34025140020,9
34025140008,9
34023077510,9
34035025006,3
34037040004,2
34041020004,2
34037065002,2
34037070002,2
34037070003,2
34037070001,2
34037120003,2
34037010006,2
34037010002,2
34041030002,2
34021050009,1
34035050028,3
34021050003,1
34021050002,1
34019055001,1
34019080001,1
34021035006,1
34021035004,1
34021010023,1
34019105021,1
34019105005,1
34025155042,10
34025247010,10
34019035004,1
34021010010,1
34025247013,8
34025247007,8
34021055W05,1
34021055W01,1
34025265003,10
34025003011,10
34019005001,1
34025115006,10
34025115002,10
34019100001,1
34025155012,10
34019075002,1
34025247014,8
34019005004,1
34025090006,10
34025247001,10
34025055006,10
34025200001,10
34025065004,10
34025200002,10
34025200003,10
34025247009,10
34025260007,10
34025155005,10
34025140010,9
34025185018,10
34025160005,9
34025155018,10
34025160001,9
34025155032,10
34029090030,9
34029115001,12
34025190001,10
34029115005,9
34025185017,10
34023077507,9
34025185013,10
34023105028,12
34025185009,10
34023105004,12
34025082013,10
34025170017,10
34025200007,10
34025003012,10
34025003005,10
34025245001,10
34025155034,10
34025115001,10
34025115007,8
34025260004,10
34025003010,10
34025090009,8
34025115004,10
34025090004,10
34025185010,10
34025190002,10
34025003013,10
34025250002,8
34025155029,8
34023077203,10
34025140009,10
34025155007,8
34019125001,1
34023077205,10
34025035005,8
34021055W02,1
34025125008,8
34021050011,1
34025155036,8
34019105011,1
34025170001,8
34019105018,1
34025040004,10
34019105010,1
34025110003,8
34021050021,1
34019005002,1
34025003003,8
34019075005,1
34025110005,8
34019075004,1
34025210002,8
34019110008,3
34019050001,1
34035025002,3
34025105002,8
34035065015,1
34035050003,3
34035065014,1
34025110002,8
34035030001,3
34035065008,1
34025105004,8
34035065018,1
34035030002,3
34025125005,8
34019105019,1
34035030016,3
34019005003,1
34025155004,8
34035025005,3
34021050006,1
34025105001,8
34019050002,1
34019075001,1
34025210005,8
34019040003,1
34025155021,8
34019125004,1
34025250001,8
34025250004,8
34025025002,8
34025125002,8
34025125016,8
34025003001,8
34025125011,8
34025125017,8
34023077206,10
34025125015,8
34025015004,8
34025145007,8
34025170003,8
34025082001,8
34025105005,8
34025003008,8
34025250003,8
34025035001,10
34025030001,8
34025145006,8
34025030002,8
34023077105,8
34037065001,2
34037120002,2
34023077102,8
34035025003,3
34035025011,3
34035050010,3
34029145003,9
34025160006,9
34023065308,12
34037120008,2
34037090012,2
34035050029,3
34035080002,3
34035080003,3
34035030031,3
34019125003,1
34035080001,3
34035025009,3
34035050026,3
34035050024,3
34035080005,3
34023065310,9
34023065311,9
34025255003,12
34029025329,9
34023065306,9
34029030047,9
34029025331,9
34023077608,9
34023065301,9
34023020027,12
34023065303,9
34025160007,9
34029025330,9
34029115003,12
34029020007,9
34029020006,9
34025160002,9
34005150001,9
34023065302,9
34023120005,9
34035030033,3
34035050006,3
34037105001,2
34037120004,2
34035080004,3
34037120007,2
34035025010,3
34037055005,2
34037120005,2
34037120006,2
34037010001,2
34037090008,2
34037010005,2
34041055001,2
34037040002,2
34037005001,2
34019025002,1
34037040001,2
34035065003,3
34037055006,2
34021035005,1
34037090003,2
34021035010,1
34037055001,2
34019105009,3
34037110014,2
34019105014,1
34019075003,1
34021050001,1
34035065006,1
34037110004,2
34037120001,2
34041060001,2
34037055007,2
34037045001,2
34037010003,2
34041070001,2
34023020004,12
34041005004,2
34025170006,8
34025170019,10
34025170018,10
34025170015,10
34023077202,10
34023077406,10
34025115003,10
34025260019,10
34025260013,10
34023077403,10
34005150006,12
34025035002,10
34023077108,10
34019050003,1
34029005001,10
34025172002,8
34021055W11,1
34029085002,10
34019125002,1
34029140001,8
34035065001,1
34025185008,10
34019025001,1
34025100001,10
34035085001,1
34025035003,10
34021050010,1
34035025014,3
34035025015,3
34025035004,8
34021050014,1
34035050030,3
34041100002,1
34029085001,8
34019030002,1
34035090001,3
34007075027,10
34019010001,1
34025145005,10
34019030011,1
34035030035,3
34019010002,1
34025172001,10
34035050019,3
34019030008,1
34025135002,10
34019010003,1
34019110015,3
34035050015,3
34035040102,1
34025005001,10
34025135004,10
34035050021,3
34025045001,10
34035090008,3
34029155001,10
34029120010,10
34025165001,10
34023077106,10
34023077101,10
34023077104,8
34023077103,8
34035040104,1
34035040103,1
34041100001,1
34041095401,1
34041010001,1
34041010002,1
34041095702,1
34041095701,1
34041095501,1
34041095201,1
34035065012,1
34021035014,1
34035065005,1
34021035012,1
34023105007,1
34035040105,1
34023105016,1
34041095301,1
34021035019,1
34041095602,1
34021065010,1
34019060001,1
34019015001,1
34021050013,1
34021050012,1
34041100004,1
34019030003,1
34019070001,1
34021050018,1
34021050017,1
34019030012,1
34021050007,1
34041005001,2
34041005002,2
34041005003,2
34037090010,2
34041060002,2
34041100003,1
34037090006,2
34041095502,1
34041040005,2
34041095703,1
34023105024,1
34037020003,2
34035040101,1
34037090007,2
34035040110,1
34037090001,2
34035090004,3
34035090002,3
34035090005,3
34035090003,3
34035050023,3
34035030011,3
34023060006,12
34035090010,3
34023060004,12
34019110005,3
34023060009,12
34019110009,3
34035030034,3
34035090009,3
34035090006,3
34035030018,3
34023120006,9
34023020021,9
34023020028,9
34023065305,9
34023020016,9
34005150012,9
34023020006,9
34023077606,9
34023020024,9
34025140011,9
34023077602,9
34023065213,12
34025160004,9
34023077605,9
34029025301,9
34023065204,9
34023065206,9
34023065203,9
34023065208,9
34023040004,9
34029020002,9
34023040003,12
34023065304,9
34025095002,9
34025070001,9
34029050001,9
34029030048,9
34029060010,9
34023065309,9
34023020012,9
34023065110,9
34023065107,9
34023065211,12
34023120003,9
34023120004,9
34025140006,9
34023065113,9
34005195001,9
34029030032,9
34029030007,9
34023077604,9
34023077607,9
34023077505,9
34025140012,8
34025160003,9
34023065307,9
34023077508,9
34023077503,9
34029030054,9
34023077501,9
34025095004,9
34023020017,12
34023077601,9
34041035002,1
34041035001,1
34037080002,2
34041095101,1
34037010004,2
34037045002,2
34019070002,1
34037030003,2
34035065009,1
34037080001,2
34019010004,1
34019095004,1
34037110002,2
34037110010,2
34037110013,2
34037030001,2
34027100002,4
34037030002,2
34027160011,4
34037110019,2
34037090014,2
34037090004,2
34027135017,2
34023095008,10
34025040001,8
34035090011,3
34025155002,8
34035090007,3
34025170002,8
34035030032,3
34025040002,8
34035050005,3
34025125003,8
34035050014,3
34025155003,8
34019110004,3
34025003002,8
34035050012,3
34023060002,12
34035025007,3
34005120001,12
34025155027,8
34035030030,3
34035030036,3
34023060001,12
34025155033,8
34023060003,12
34035030005,3
34005120005,12
34025110006,8
34023075007,12
34035030003,3
34025003004,8
34023075006,12
34035090012,3
34025210001,8
34035055001,3
34023070201,12
34025065001,8
34035025012,3
34025155009,8
34023070106,12
34035030021,3
34035030019,3
34023070207,12
34025105003,8
34035030029,3
34025110004,8
34035030004,3
34025155016,8
34035030027,3
34023070204,12
34035030013,3
34025065005,8
34025003006,8
34035050001,3
34023070205,12
34025110001,8
34023070103,12
34025155046,8
34025015003,8
34023070101,12
34025125006,8
34025155026,8
34023035012,12
34025155024,8
34023035006,12
34023035005,12
34025155017,8
34023035004,12
34025082007,8
34023035011,12
34025125009,10
34025250005,8
34025145002,8
34035055002,3
34025082016,8
34035055003,3
34025082012,8
34035055004,3
34025125001,8
34029085003,10
34025082010,8
34035030025,3
34025125004,8
34025125012,10
34029045001,8
34025003009,8
34025145004,8
34025240003,8
34025185011,8
34029075002,8
34029123002,10
34029123001,8
34025040003,8
34025145003,8
34025220001,8
34029120001,8
34025155015,8
34025003007,8
34025125007,8
34025265004,8
34021050016,1
34025190003,8
34041075001,1
34041075004,1
34023090007,1
34041035003,1
34041095601,1
34023105009,1
34025082003,8
34023025049,12
34021055N05,1
34025082009,8
34025082011,8
34021050019,1
34035030023,3
34021035002,1
34025155008,8
34025065002,10
34021050008,1
34041075003,1
34019070003,1
34025140026,8
34019095005,1
34025140003,8
34019065001,1
34019095002,1
34019105003,1
34019045003,1
34019045002,1
34041025002,1
34025140025,8
34019105016,1
34025140023,9
34035040109,1
34025140013,8
34035040106,1
34019105004,1
34025140007,8
34041035004,1
34035040108,1
34025140019,8
34021065004,1
34041075006,1
34041075005,1
34021055N04,1
34023105003,1
34021055W04,1
34019095003,1
34021055N10,1
34021055W12,1
34021055W09,1
34023025048,12
34041075002,1
34023090013,1
34023105025,1
34021050015,1
34041025003,1
34019105002,1
34035040107,1
34019030009,1
34023077603,9
34035050011,1
34025140002,9
34019105020,1
34025140004,8
34019030010,1
34023065201,9
34019105013,1
34025140018,8
34041075007,1
34019105007,3
34019105015,1
34019030004,1
34035050020,1
34023105010,1
34035050009,1
34037020002,2
34037090009,2
34037090002,2
34037110001,2
34037055003,2
34037055002,2
34037110008,2
34027180205,4
34027180202,4
34019045001,1
34027100003,4
34021035009,1
34023105027,1
34021065002,1
34023105019,1
34021065015,1
34037110006,2
34037110018,2
34041040004,2
34021065007,1
34037110020,2
34019095001,1
34041060004,2
34025140024,8
34037055004,2
34023077207,8
34023077409,8
34023077509,8
34023077506,8
34023077405,8
34035050031,3
34035050017,3
34035050016,3
34035050002,3
34035050033,3
34035050032,3
34035050013,3
34035030020,3
34031045001,7
34031045002,7
34027165001,2
34031065008,7
34027165002,2
34023077208,10
34023077408,10
34029035005,9
34005130001,9
34023040001,12
34023065202,9
34023065210,9
34023065207,9
34023065215,12
34023040002,12
34023020038,9
34023077401,10
34023077504,10
34025145001,8
34023077404,8
34023077402,8
34023077204,8
34023077502,8
34025125010,8
34025185001,10
34025047006,9
34025047007,8
34025082008,8
34025082017,8
34025155023,8
34025082014,8
34025082015,8
34025155037,8
34023095006,8
34023020011,9
34023020026,9
34023020031,9
34023020009,9
34023020003,9
34037110012,2
34037110005,2
34037110011,2
34041065002,2
34041115003,2
34037110017,2
34037110007,2
34037110016,2
34037110009,2
34037110003,2
34037090005,2
34027135016,2
34027135018,2
34041040007,2
34041040002,2
34027135019,2
34027160010,4
34037090013,2
34027160007,4
34037020004,2
34037020005,2
34027160018,4
34037020001,2
34019030007,1
34027070013,2
34023105012,1
34027135020,2
34041040006,2
34041040003,2
34041060003,2
34037020006,2
34041015001,2
34041015003,2
34041115004,2
34041070002,2
34037110015,2
34027135022,2
34023095022,10
34029035007,10
34029030042,10
34029030022,10
34023095025,10
34023035010,12
34023035003,12
34023035002,1
34023035009,12
34023035008,12
34023025027,12
34023035001,12
34023070102,12
34023070203,1
34035030010,3
34023025056,12
34023025031,12
34035030024,3
34035040328,1
34035040329,1
34035040425,1
34035040437,1
34027045201,4
34035040438,1
34027195004,4
34035040324,1
34035040220,1
34027160009,4
34027160005,4
34027160008,4
34027160012,4
34023025026,12
34023025060,12
34023025075,12
34005050202,12
34005125002,12
34005190002,12
34021065016,12
34027195005,4
34023025025,12
34027160006,4
34027045303,4
34027160019,4
34027135013,2
34037095003,2
34037090011,2
34027070012,2
34037060002,2
34027070014,2
34013070W46,5
34023100303,8
34031005002,2
34027165003,7
34031045006,7
34031005005,2
34031045003,2
34031070603,7
34031045005,7
34027155001,2
34023115006,9
34023115007,9
34035100004,3
34023115002,9
34035100005,3
34023115014,9
34023115011,9
34023115013,9
34023065116,12
34023065117,9
34023020007,9
34035040221,1
34023030001,12
34013070C34,5
34035040330,1
34023075005,1
34035040550,1
34035040222,1
34035040523,1
34027045202,4
34027160003,4
34027160004,4
34027160014,4
34023095017,10
34023100301,10
34027195002,4
34023100102,10
34023100302,10
34023100201,8
34023095009,9
34017060202,6
34041040001,2
34037095002,2
34003030002,6
34037095001,2
34027135010,2
34027135014,2
34037060005,2
34037060012,2
34027135021,2
34037060003,2
34037060011,2
34041115005,2
34003030001,6
34017040203,6
34017040201,6
34017060102,6
34013070C39,5
34017040106,6
34041085002,2
34041115002,2
34027135008,2
34017040305,6
34017040202,6
34003065002,6
34017050904,6
34003030009,6
34003030010,6
34003030014,6
34017040306,6
34031070602,7
34017040303,6
34031045004,7
34027195003,4
34017040206,6
34027045203,4
34031070604,7
34017040302,6
34017040301,6
34031070601,7
34027045101,4
34031065007,7
34017060103,6
34027045302,4
34027155006,2
34027185001,4
34017060101,6
34031070606,7
34027160016,4
34031070105,7
34003030008,6
34027045301,4
34031065006,7
34003030015,6
34031070104,2
34027040301,4
34017060205,6
34003065003,6
34017040504,6
34003090006,6
34017060201,6
34023105029,12
34023025023,12
34017040404,6
34023025038,12
34027040401,4
34003090004,6
34023025024,12
34023025052,12
34027040402,4
34005050201,12
34005115018,12
34005155002,12
34023070202,12
34027160001,4
34025010001,12
34005045001,12
34023025055,12
34005190004,12
34023025017,12
34003095003,6
34003030005,6
34023025059,12
34021060003,12
34023075001,12
34025010002,12
34023025021,12
34003030003,6
34023100203,12
34023025022,12
34023075003,12
34023070104,12
34023025028,12
34017040401,6
34003095002,6
34037060008,2
34003090001,6
34023020034,12
34027190008,2
34023105013,12
34041080006,2
34023075011,12
34027135011,2
34005155005,12
34023025039,12
34031075001,2
34027180101,2
34037060009,2
34027135012,2
34027190007,2
34027190011,2
34027135015,2
34037060007,2
34017040502,6
34041015002,2
34031075010,2
34027135007,2
34027140001,2
34041080001,2
34041085001,2
34031075011,2
34035030012,3
34035030015,3
34037060010,2
34035020002,3
34027135009,2
34035030007,3
34027140002,2
34035030028,3
34035020003,3
34041080005,2
34037060006,2
34035025016,3
34035030014,3
34027180306,2
34035100006,3
34027070004,2
34035040214,1
34041110003,2
34035040327,1
34041105003,2
34035040218,1
34035040217,1
34027190010,2
34023105005,1
34027070008,2
34021055W13,1
34027180301,2
34019120003,1
34019105001,1
34027190013,2
34019020001,1
34027130002,2
34035040219,1
34027070003,2
34035040436,1
34027130003,2
34035040332,1
34035040333,1
34031070309,7
34027180103,2
34031070607,7
34027070009,2
34019030005,1
34019090001,1
34027155012,2
34027180104,2
34027180305,2
34019030001,1
34027135006,2
34031070307,7
34035040331,1
34027155002,7
34023075022,1
34027155005,7
34027155004,7
34023075026,1
34027160002,4
34027175101,4
34023075009,1
34031070605,7
34031070502,7
34027045401,4
34023105011,1
34035065017,1
34027075002,2
34027040302,4
34035065010,1
34023025073,12
34035040216,1
34023105008,1
34023090005,1
34027040403,4
34023075023,1
34027040203,4
34035040435,1
34027145001,4
34021065008,1
34035040215,1
34027115005,4
34027115003,4
34027145002,4
34023105022,1
34027160015,4
34027115004,4
34035050018,1
34027115001,4
34023105018,1
34027045102,4
34035050027,1
34027040202,4
34019105012,1
34027170003,4
34023075017,1
34027110016,4
34031070306,7
34035050025,1
34027015002,2
34023075018,1
34019120005,1
34003210002,7
34023085301,1
34031070503,7
34031070404,7
34031070403,7
34031070501,7
34027155007,2
34003210003,7
34031070302,7
34003100006,7
34031070504,7
34035100002,3
34035100012,3
34035100001,3
34035100010,3
34013070W44,5
34013070N28,5
34031070305,7
34031070308,7
34027015001,7
34031070303,7
34031070103,7
34023095002,9
34013070N37,5
34023100101,10
34013070W43,5
34023100103,10
34023095028,10
34037060004,2
34037060001,2
34041105001,1
34031070301,7
34027070010,2
34031070106,2
34027070011,2
34031005003,2
34003210004,7
34031065001,7
34003030011,6
34031065004,7
34031065005,7
34017040602,5
34027110017,4
34027110018,4
34031065003,7
34017050903,6
34027110022,4
34031030004,7
34027110023,4
34017040304,6
34031070505,7
34027110020,4
34003095004,6
34027110019,4
34031070207,2
34017055302,6
34017050905,6
34027120301,4
34003030007,6
34027145005,4
34003090002,6
34027145004,4
34023115012,10
34027145006,4
34023115010,10
34023115008,10
34023115004,9
34023095001,9
34023095007,10
34013070W09,5
34013070N38,5
34013070C37,5
34013030510,5
34031070304,7
34031070406,2
34031070402,7
34031015003,7
34031015005,7
34003100005,7
34027155009,7
34031070202,7
34031065002,7
34035100007,3
34031015006,7
34031030005,7
34031015002,7
34003090003,6
34031015001,7
34031070405,7
34003090005,6
34031015004,7
34027155011,7
34003030006,6
34003100004,7
34003095017,6
34003095010,6
34013070C32,5
34031030003,7
34031030006,7
34013070N29,5
34031050003,7
34013030501,5
34017040403,6
34031050004,7
34013070N27,5
34017040503,6
34003350004,7
34013070C03,5
34017051001,6
34031030002,7
34031020103,7
34003095005,6
34003100003,7
34027110014,4
34017050902,6
34027110001,4
34031020101,7
34003245003,6
34027120302,4
34027145039,4
34031070407,7
34003030012,6
34031020202,7
34027110002,4
34031040106,7
34003030013,6
34027170005,4
34003095014,6
34031030001,7
34027145007,4
34017055204,6
34017055301,6
34031020301,7
34027180204,4
34027175102,4
34031060005,7
34003095001,6
34027175104,4
34027180203,4
34017040405,6
34027145008,4
34017040402,6
34027160013,4
34017040506,6
34027110015,4
34027160017,4
34017040603,6
34027175203,4
34003095019,6
34027175202,4
34027175103,4
34017040505,6
34027045403,4
34027045402,4
34003095020,6
34027175201,4
34003245005,6
34027145037,4
34027180401,4
34003095015,6
34027095001,4
34027195001,4
34003095009,6
34027045103,4
34017050906,6
34003095018,6
34027115006,4
34017055201,6
34031040107,7
34003225010,6
34027180201,4
34027120303,4
34003080001,6
34003210001,7
34017040501,5
34027110013,4
34031030007,7
34031020302,7
34027120401,4
34003350008,7
34027120201,4
34027155003,2
34027120202,4
34027155008,2
34027145009,4
34031075004,2
34031055004,2
34031055002,2
34031055005,7
34031040105,7
34031050002,7
34031020203,7
34031020102,7
34031020304,7
34031020303,7
34031040108,7
34027135005,2
34031040205,7
34041110002,1
34003210006,7
34003210005,7
34013030409,5
34013070C38,5
34031020403,7
34031020401,7
34013070W10,5
34013070N03,5
34031050001,7
34031020402,7
34027075005,2
34031040104,7
34003350006,7
34013070N21,5
34035105001,3
34031055001,2
34013070W06,4
34031055009,7
34041110001,2
34031055008,7
34041115001,2
34041115006,2
34027015003,7
34027190009,2
34013030512,5
34013030506,2
34031040207,2
34041080002,1
34027190006,2
34041080004,2
34041080003,1
34023085310,1
34041105002,2
34027190003,2
34027070006,2
34041105004,2
34027130001,2
34027070005,2
34027070007,2
34041110004,1
34031075002,2
34027135004,2
34023085210,1
34031075009,2
34027135001,2
34023085207,1
34027135003,2
34027175604,2
34027035002,2
34023085108,1
34027115002,4
34023050011,12
34031070201,7
34023085204,1
34027145011,4
34027075006,2
34023085106,1
34027080101,7
34027145010,4
34023085205,1
34027145013,4
34027155010,7
34023085206,1
34013070N22,5
34027120402,4
34027080102,2
34027120104,4
34023085302,1
34013030505,5
34027105003,7
34023085308,1
34013030503,2
34027145014,4
34027080201,2
34023085201,1
34027120203,4
34027080301,7
34013070W13,5
34031040206,7
34027095004,4
34013030406,5
34031040204,7
34013010309,5
34013070C46,5
34031020201,7
34013030403,4
34013070C35,5
34031070206,7
34003350010,7
34013070N01,5
34003110004,7
34031070401,7
34013070N26,5
34031070205,2
34013070N02,5
34027105004,2
34027110012,4
34003350001,7
34027170004,4
34013070C17,5
34003255005,7
34027040303,4
34013070W07,4
34003110003,7
34027065001,4
34031060002,2
34013070W17,5
34027110003,4
34027060002,4
34017040601,6
34035100003,3
34031040202,7
34013030509,2
34027060003,4
34035010016,3
34013030504,2
34035100008,3
34003080002,6
34027120103,4
34013070N48,5
34003095013,6
34031040112,7
34027110011,4
34013070C43,5
34027120403,4
34003245004,6
34035105005,3
34027120404,4
34013070C45,5
34003165008,2
34013030513,5
34013070C15,5
34003210008,7
34013030507,5
34003210007,7
34013030407,5
34003100001,7
34003100002,7
34003350007,7
34003350002,7
34003350005,7
34003350003,7
34013070W47,5
34003175001,7
34013030508,5
34013030109,2
34003175004,7
34003175005,7
34013070N17,5
34003245002,6
34003175002,7
34013010304,5
34003320006,7
34013070N05,5
34003245001,6
34003255003,7
34003095006,6
34003255001,7
34013070N18,5
34003175003,7
34013070N23,5
34003225004,6
34003165007,7
34013030405,4
34003350009,7
34003225009,6
34013030402,5
34013070C42,5
34003140003,7
34013070C44,5
34027110021,4
34003005001,7
34027060001,4
34003225003,6
34003320004,7
34003225005,6
34027125005,4
34003320002,7
34027125003,4
34003225002,6
34027125002,4
34027060008,4
34003320003,7
34003225008,6
34027060006,4
34003005002,7
34003320001,7
34003225007,6
34003250002,6
34003165005,7
34003165006,7
34003225006,6
34003240003,7
34003095008,6
34003240005,7
34003095007,6
34027135002,2
34003005003,7
34031075012,2
34003255004,7
34027190004,1
34003140001,7
34027070002,2
34003225001,6
34003255002,7
34027180303,2
34003250001,6
34027075003,2
34003255006,7
34003250004,6
34003320005,7
34027050008,4
34003145006,6
34031070101,2
34003145001,6
34003145004,6
34003145003,6
34003150006,6
34003095011,6
34003145005,6
34039080001,3
34003145002,6
34003095016,6
34003095012,6
34003250006,6
34039060108,3
34031070102,2
34039080004,3
34003250003,6
34031070203,7
34039080005,3
34003150001,6
34039080006,3
34031060006,2
34039080009,3
34003075203,6
34027055007,4
34031070204,2
34027055005,4
34017051002,6
34031060004,2
34039080007,3
34031060003,2
34003075204,6
34039080002,3
34039080008,3
34031060001,7
34031080002,7
34003300022,6
34031025004,2
34017055101,6
34031080001,7
34031025008,7
34017025206,6
34031025001,7
34013010310,5
34031040208,7
34013030404,4
34017025205,6
34031025002,7
34013070C47,5
34013005101,5
34017025202,6
34031025003,7
34013070C01,5
34017025204,6
34031080003,2
34003150005,6
34013070C20,5
34031080004,2
34013070W15,5
34003075202,6
34003140002,7
34017050901,6
34013070W19,5
34003290002,7
34017055203,6
34027105006,2
34013070W20,4
34003250008,6
34017010001,5
34027080402,7
34017010002,5
34017025507,5
34027080401,7
34027080202,7
34013030412,4
34031025005,2
34013045E08,5
34017025203,6
34003240004,7
34013070N08,5
34017025503,6
34003005004,7
34017025201,6
34013010311,5
34013025002,2
34003025001,6
34013070N25,5
34003185002,6
34003255008,7
34013070N49,5
34003185001,6
34013070E25,5
34003240007,7
34013070C23,5
34003345004,6
34031025006,7
34003185003,6
34031080005,2
34003345002,6
34013030410,4
34003300020,6
34017045201,6
34013070E19,5
34035070014,3
34003025002,6
34039080010,3
34003345003,6
34039080003,3
34039060106,3
34003125002,6
34039050004,3
34003300003,6
34003300019,6
34027055009,4
34003125001,6
34017025502,6
34003150002,6
34017050305,6
34023025030,12
34017040604,6
34023025062,12
34023025004,12
34003075201,6
34023025034,12
34017050703,6
34023025035,12
34003075403,6
34025082004,8
34025047005,8
34025090005,8
34031075008,2
34017055202,6
34003075401,6
34027175603,2
34017025602,6
34025155044,8
34039050003,3
34027180404,2
34025155019,8
34025190005,8
34023095003,10
34025155014,8
34025155011,8
34025047002,8
34027035003,2
34025247002,8
34025260015,8
34035075001,2
34025047008,8
34025170013,8
34025095027,9
34025095001,8
34025260002,8
34025260017,8
34029030001,8
34029030017,8
34025260008,8
34039100105,3
34025260016,8
34039100104,3
34025260018,8
34025260012,8
34039100103,3
34025265001,8
34039100204,3
34025260014,8
34039100205,3
34025155013,8
34039100203,3
34025065006,8
34025065003,8
34013005102,5
34025115005,8
34025210004,8
34013070N07,5
34025220002,10
34025185002,8
34025185003,8
34025155028,8
34017020101,5
34025170007,10
34013070E21,5
34025170008,8
34017035101,5
34013070N14,5
34017025506,6
34013070N19,5
34031080006,2
34017025504,6
34013010308,2
34017025505,6
34031080007,2
34017025307,6
34013070N16,5
34003255007,7
34017025501,6
34031010101,2
34017025605,6
34013070W49,5
34017025603,6
34031040410,7
34003345005,6
34039015024,3
34039050001,3
34031010113,2
34039050007,3
34013030204,5
34003345001,6
34039050006,3
34003135006,7
34035105003,3
34017045204,5
34013070C22,5
34039015016,3
34003330002,7
34017025306,5
34039015028,3
34039015026,3
34031040409,7
34017045203,6
34039015020,3
34013070C04,5
34039015017,3
34003125003,6
34039015023,3
34013030203,2
34003290001,7
34039005008,3
34003025005,6
34023055010,1
34013070E20,5
34003025004,6
34031040103,7
34039015003,3
34003025003,6
34013070C49,5
34003295001,6
34003255011,7
34013030401,4
34031025009,2
34013045N10,4
34013025008,2
34003315004,7
34013070W21,4
34023085109,1
34017020201,5
34003240008,7
34023085401,1
34003315005,7
34035050022,1
34031025007,2
34013070N20,5
34019030006,1
34027105017,7
34023085105,1
34013070N04,5
34027055003,4
34027080302,2
34013030212,4
34027055002,4
34027085002,4
34023015005,1
34003165014,7
34027085006,4
34035040441,1
34017020202,5
34003165004,7
34027085010,4
34027120101,4
34013025003,2
34035065011,1
34027110004,4
34023015004,1
34027170002,4
34003135003,7
34027110006,4
34013030211,4
34013025001,2
34027055006,4
34003115101,6
34027180405,2
34003240006,7
34013070C28,5
34027180403,2
34003250005,6
34027030001,2
34027110005,4
34013070C40,5
34003150004,6
34027105018,2
34027085014,4
34035005003,2
34027105012,2
34003250007,6
34027110008,4
34003330006,7
34013005104,5
34027060007,4
34003150003,6
34013070C06,5
34027105008,2
34027085011,4
34039015012,3
34003340004,7
34017035106,5
34003115102,6
34027085004,4
34039100102,3
34013070E17,5
34039015019,3
34027085001,4
34003340003,7
34039100107,3
34027120102,4
34039050005,3
34003310001,6
34003020006,6
34003240001,7
34039100206,3
34027055008,4
34003020004,6
34039015030,3
34003255014,7
34027055001,4
34003020005,6
34027145017,4
34003020003,6
34003110002,7
34027110009,4
34027110010,4
34003125006,6
34003330001,7
34003115103,6
34027110007,4
34003255009,7
34035095002,1
34027125004,4
34031040209,7
34027175204,4
34035095003,1
34027175401,4
34035040551,1
34027085003,4
34003255010,7
34023105026,1
34003330005,7
34027085013,4
34027075004,2
34003315003,7
34035040334,1
34027175402,4
34003235003,7
34027175403,4
34035040442,1
34027175404,4
34027175504,4
34003235006,7
34035040546,1
34027175502,4
34003085021,7
34023055007,1
34027085012,4
34027055004,4
34023090004,1
34003315001,7
34035060001,1
34023085309,1
34027065002,4
34003180004,7
34003125007,6
34013050010,4
34003125004,6
34003180003,7
34003125008,6
34003300021,6
34013050005,4
34031010205,2
34003020002,6
34013050009,4
34013050022,4
34003125005,6
34027020004,4
34027065004,4
34003300001,6
34013050004,4
34003155006,6
34027125001,4
34027145015,4
34003155005,6
34023120001,12
34035040443,1
34027145012,4
34023020035,9
34039015007,3
34023025050,12
34023075024,1
34027085009,4
34023020008,9
34039030004,3
34023025069,12
34023085303,1
34023060008,9
34027060005,4
34039030001,3
34023025054,12
34003155004,6
34023060007,12
34027060009,4
34039025007,3
34023060005,12
34013070N13,5
34039025006,3
34023020020,12
34013050015,4
34003115203,6
34023085202,1
34039080011,3
34023015002,1
34017035103,5
34027085007,4
34023115009,10
34039015009,3
34023025044,12
34027050002,4
34013005103,5
34039060101,3
34003155007,6
34023065111,12
34027145016,4
34023020013,9
34039015001,3
34017035102,5
34019110006,1
34013050016,4
34023055008,1
34013030107,5
34023025037,12
34039025002,3
34003125009,6
34013050026,4
34039015018,3
34023070105,12
34003155008,6
34013050017,4
34039015008,3
34013070C09,5
34023020005,12
34039075502,3
34023020015,12
34023020032,9
34003115104,7
34017020102,5
34039040005,3
34023025012,9
34023095018,9
34023095030,10
34027095003,4
34003020001,7
34039040006,3
34027035005,4
34013030104,2
34003115204,6
34013005106,5
34039075501,3
34027170001,4
34003325006,6
34027040102,4
34013070E16,5
34035040326,1
34027175302,4
34035040439,1
34027060004,4
34013010306,5
34023105002,1
34027145003,4
34023085102,1
34027040201,4
34013070W48,5
34003300002,6
34035010001,4
34027145020,4
34013070S02,5
34017025607,6
34027040103,4
34013045E04,5
34003325003,6
34027145027,4
34023085103,1
34027175503,4
34023110001,1
34013070S01,5
34003325002,6
34027040101,4
34013045E09,4
34027175303,4
34003155009,6
34027175304,4
34013070N09,5
34027090005,4
34003060002,6
34027090004,4
34023110006,1
34013070N06,5
34035015001,4
34003300018,6
34013070N15,5
34013050014,4
34003315002,7
34017050107,5
34027085005,4
34013010107,5
34003340002,7
34003325005,6
34027175601,4
34017035104,5
34003165011,7
34013050003,4
34013010106,5
34017045205,5
34027025001,4
34003165001,7
34013010312,5
34013050018,4
34013050011,4
34013030111,2
34003165012,7
34027020009,4
34013010305,2
34031040411,7
34027190001,2
34027020005,4
34027145019,4
34035075002,2
34031040203,2
34013070S04,5
34013110414,4
34039015022,3
34031040201,7
34039015021,3
34013110405,4
34013005207,5
34039085011,3
34013045E03,5
34013050019,4
34003165002,7
34039100106,3
34013050012,4
34013005306,5
34039050008,3
34031040401,7
34027010004,2
34013050008,4
34039040001,3
34027010005,2
34013005105,5
34027020003,4
34035025008,3
34035005001,3
34003240002,7
34027020002,4
34035015006,2
34013010110,5
34035050008,3
34035035001,2
34027085008,4
34013070C41,5
34039040003,3
34031040102,7
34027145023,4
34013070C05,5
34035055005,3
34013070C08,5
34013070C12,5
34027145022,4
34003235005,7
34039075401,3
34013010307,2
34013010313,5
34039030003,3
34031040408,7
34027145028,4
34039005011,3
34013010302,2
34019110012,3
34027145038,4
34019105008,3
34027025004,4
34039040004,3
34027050007,4
34017035308,5
34003110005,7
34013030313,4
34019110010,3
34027025002,4
34003235002,7
34039015005,3
34013030210,4
34027145024,4
34003165010,7
34039075402,3
34013070E18,5
34035010024,2
34039015015,3
34003165003,7
34035005004,2
34039100202,3
34013060005,4
34035010023,2
34027050003,4
34013070S11,4
34039100101,3
34027005302,2
34031040101,7
34013110412,4
34039100303,3
34017020301,5
34035005006,2
34003135004,7
34039015006,3
34017020401,5
34039015029,3
34013110406,4
34013005208,5
34039095016,3
34031040210,2
34013060016,4
34039095031,3
34013070E15,5
34013110402,4
34013005305,5
34031040111,2
34013060004,4
34013070E13,5
34013055002,4
34003335003,7
34027020007,4
34031040508,7
34013010108,5
34013050002,4
34035005007,3
34013010314,5
34013060012,4
34035005005,3
34013070N11,5
34013110101,4
34027010002,2
34003165013,7
34035005009,3
34013050025,4
34013070E30,5
34027005202,2
34003335001,7
34013090102,4
34027005201,2
34013070N12,5
34013110109,4
34003135002,7
34027005301,2
34027050004,4
34035015005,2
34003340001,7
34013010301,5
34027005102,2
34013095007,4
34003165009,7
34035010005,2
34031040305,7
34013070C07,5
34013055008,4
34035010008,2
34027025003,4
34013070S10,4
34035010009,2
34031040306,7
34027095005,4
34035010017,2
34027175501,4
34013070S25,5
34023110014,1
34013095013,4
34003235004,7
34035010004,2
34023110011,1
34013070S16,5
34035005008,2
34003255012,7
34013050013,4
34023110005,1
34027005401,2
34013005202,5
34031040304,7
34039060308,1
34027050006,4
34013005204,5
34027180105,2
34039060307,1
34013050024,4
34013070S19,5
34035010006,2
34023110013,1
34013050007,4
34035010012,2
34003330003,7
34013070S17,5
34027065003,4
34027105015,2
34031010208,7
34013045E05,4
34003300004,6
34027180102,2
34013050021,4
34003255015,7
34003115301,6
34027005101,2
34013060015,4
34013070S18,4
34003230020,7
34041025001,1
34013050001,4
34031010209,7
34035015003,2
34013095003,4
34003075402,6
34013005406,5
34003180002,7
34041110006,1
34027020001,4
34035010022,2
34003135005,7
34013095004,4
34003300023,6
34013005205,5
34041050002,1
34003330004,7
34013060002,4
34035010021,2
34013090103,4
34003180001,7
34013070S12,4
34027145032,2
34017050704,6
34027020006,4
34003335008,7
34013070E14,5
34027025005,4
34031055003,7
34017025604,6
34027025009,4
34017025305,6
34003085022,7
34013110413,4
34017020302,5
34039100306,3
34027145031,2
34027050001,4
34003235001,7
34017025303,6
34013070E01,5
34039015011,3
34017025601,6
34035105004,3
34013110201,4
34031055006,2
34003325001,6
34039030002,3
34003085020,7
34013110407,4
34027145033,2
34017050304,6
34039100201,3
34031040109,7
34035010007,2
34003060004,6
34013050006,4
34035100011,3
34035010014,2
34013095011,4
34039015013,3
34035010013,2
34003230014,7
34013110416,4
34039070402,3
34035010015,3
34013110408,4
34031010206,7
34017050105,5
34039025001,3
34027180304,2
34013110104,4
34031040402,7
34003280004,6
34039070403,3
34027013004,2
34013060013,4
34017055103,6
34035070004,3
34017055102,6
34039090108,4
34027190005,1
34023055009,1
34023055002,1
34019110016,1
34023105006,1
34023105020,1
34035040549,1
34023055001,1
34035040212,1
34023075015,1
34023015006,1
34023085304,1
34023085209,1
34023085101,1
34023085403,1
34039060403,1
34023055003,1
34023085307,1
34023015003,1
34023085409,1
34035040547,1
34035040440,1
34035040213,3
34023070605,1
34023110002,1
34023070604,1
34023110007,1
34035040544,1
34035095001,1
34039060405,1
34039060404,1
34023110010,1
34023015001,1
34039045901,3
34039090109,4
34003335007,7
34035040548,1
34013060014,4
34039045902,3
34023070603,1
34003070005,7
34027070001,2
34013050020,4
34039070502,3
34003255016,7
34013060011,4
34039045904,3
34023105021,1
34003085015,6
34039046905,3
34027175301,4
34021035016,1
34035010010,2
34039046001,3
34039100301,3
34003335005,7
34027145034,2
34013055007,4
34039070501,3
34003135001,7
34013055017,4
34027190012,2
34039015004,3
34031010121,2
34039070503,3
34027180302,4
34035010011,3
34027090001,4
34039100302,3
34003085019,7
34041110005,1
34027082006,4
34039070302,3
34003230018,7
34023110009,1
34019095006,2
34027180402,4
34039046002,3
34031055007,2
34023085104,1
34039095047,3
34041050001,1
34013090106,4
34031010112,2
34039046004,3
34027145035,2
34013105006,4
34021015044,1
34027105005,2
34039015025,3
34027180406,4
34023085107,1
34019110002,3
34003265003,7
34027035001,4
34039045102,3
34013050023,4
34039100304,3
34003110006,7
34013110108,4
34035040545,1
34039105002,3
34013110102,4
34003335002,7
34039105001,3
34027020008,4
34019110011,3
34021015052,1
34027025010,4
34039015002,3
34013110103,4
34039070303,3
34039060309,1
34031010105,7
34039075302,3
34013095009,4
34039060306,1
34013060008,4
34039070401,3
34013070E08,5
34035020004,3
34013110409,4
34039015010,3
34013110404,4
34017035105,5
34039010301,3
34013095006,4
34017050803,6
34039080012,3
34017035108,5
34023070602,1
34013055006,4
34039015027,3
34017020203,5
34023085402,1
34039070301,3
34013110415,4
34039045903,3
34013005301,5
34003115302,7
34023110003,1
34013110401,4
34039095023,3
34003075101,6
34017020403,5
34039095025,3
34013090104,4
34013010109,2
34039100405,3
34013090105,4
34003075404,6
34003085018,7
34017035307,5
34013015005,4
34031010118,2
34039100401,3
34017050103,5
34013070E04,5
34027025008,4
34003110008,7
34039100305,3
34003155002,6
34039090110,4
34027015004,2
34039025003,3
34013095001,4
34035100013,3
34013060001,4
34003155001,6
34003230019,7
34013070N10,5
34039100307,3
34031040404,7
34013055003,4
34039046003,3
34013010103,5
34003115205,7
34013055020,4
34031040212,2
34039070201,3
34013055019,4
34017050302,6
34013070E29,5
34039075301,3
34013110411,4
34031010114,2
34027025007,4
34003155010,6
34039075102,3
34003070001,7
34013070S08,4
34013055016,4
34031040506,7
34013090101,4
34017035304,5
34027105013,2
34003115202,6
34013060006,4
34039015014,3
34017035303,5
34031005004,2
34039075101,3
34013005201,5
34013015007,4
34039010201,3
34017050102,5
34031040407,7
34017035305,5
34039010302,3
34003105503,6
34013005304,5
34013015002,4
34039070504,3
34003080003,6
34013035001,4
34039100402,3
34017035306,5
34031010122,7
34013055015,4
34003155003,6
34013005302,5
34039070202,3
34013055013,4
34039045103,3
34017025102,6
34013070E11,5
34013105009,4
34013110410,4
34013110205,4
34013070E10,5
34017045303,6
34039055007,4
34003280005,6
34023025032,12
34013110107,4
34013070E02,5
34023125412,12
34003060003,6
34027025006,4
34039090111,4
34003325004,6
34039090112,4
34013005303,5
34039090211,4
34003105303,6
34013060010,4
34017020402,5
34039090105,4
34003105203,6
34013110106,4
34013010105,5
34003115403,6
34013110202,4
34013005203,5
34003105301,6
34031040110,7
34017020303,5
34013100005,4
34027015005,2
34013070S13,4
34027105002,2
34013110204,4
34031040308,7
34013080307,5
34039090107,4
34003300005,7
34013055011,4
34013070E12,5
34031040211,7
34027190002,1
34031075003,2
34013055001,4
34031010110,2
34017025304,5
34017035107,5
34027035004,4
34031040403,7
34031075005,2
34013005405,5
34017040605,6
34013110303,4
34027075001,2
34013070S15,5
34039090106,4
34031010201,7
34003155011,6
34019120004,2
34013060003,4
34013070E07,5
34031040307,7
34031075006,2
34039090101,4
34031040502,7
34039055001,4
34031075013,2
34003155012,6
34013070S47,4
34039055002,4
34031075007,2
34039100403,3
34013110504,4
34031010210,7
34003075301,6
34013070S03,4
34039070304,3
34031040601,7
34027175602,4
34019120001,2
34039060304,1
34039060305,3
34023075020,1
34035020001,1
34035065007,1
34039065202,3
34039010303,3
34039070203,3
34035050004,3
34035050007,3
34035055006,3
34035030026,3
34039045101,3
34019110014,3
34039065204,3
34039095035,3
34039095048,3
34039065203,3
34039065201,3
34039010401,3
34039010203,3
34039045301,3
34039070103,3
34039065502,3
34039065104,3
34039045202,3
34039060107,3
34039095003,3
34039045203,3
34039075202,3
34023070504,1
34039095032,3
34039055006,4
34039070204,3
34027095002,2
34039080020,1
34003265002,7
34013095012,4
34039045201,3
34013005206,5
34027010003,2
34013010102,5
34019120002,1
34039045401,3
34003265004,7
34027075007,2
34003265001,7
34013055005,4
34039095033,3
34013005403,5
34013035002,4
34019110001,2
34039070101,3
34003265005,7
34039010304,3
34013105005,4
34013070E06,5
34031040611,7
34039010403,3
34013095010,4
34013070E09,5
34039065603,3
34013095008,4
34013027S06,4
34031040610,7
34039065501,3
34017035309,5
34013105002,4
34017035205,5
34039065404,3
34013027S04,4
34003070004,7
34013080301,5
34013060009,4
34003220006,7
34017035201,5
34017045104,5
34035030006,3
34017035204,5
34003335004,7
34017050802,5
34013105007,4
34039095013,3
34013105001,4
34017045105,6
34039040002,3
34013080103,5
34003215001,7
34013110403,4
34003280006,6
34039065103,3
34003085014,7
34003195004,7
34013015003,4
34017030D08,6
34039095002,3
34003070002,7
34027082004,4
34013070S49,4
34039075201,3
34017055104,5
34003085023,7
34003105102,6
34039045302,3
34039020501,3
34031010104,7
34039095036,3
34017050701,6
34039065503,3
34039070102,3
34003070006,7
34003285004,6
34039095046,3
34003215002,7
34017050702,6
34039020310,3
34003220005,7
34003280007,6
34035105002,3
34003230013,7
34003280008,6
34039065504,3
34031010116,2
34039020301,3
34031010207,7
34003280010,7
34039050009,3
34003230012,7
34003285001,6
34039065604,3
34039005005,3
34017045202,5
34031010119,7
34039005010,3
34017050303,6
34039020308,3
34019110013,2
34039065601,3
34035005002,3
34027090002,2
34013070S21,4
34039065303,3
34027010001,2
34039095011,3
34013070S20,4
34017045304,6
34035030022,3
34039065403,3
34013070S23,4
34019110003,1
34035070008,3
34013070S32,4
34017045301,6
34035070005,3
34013070W45,4
34013070S30,4
34017025302,6
34039010402,3
34017045101,6
34013070E03,5
34013015004,4
34039005004,3
34039055003,4
34017050301,5
34035070013,3
34003230011,7
34013110505,4
34039095001,3
34017025606,5
34003085017,7
34039085003,4
34039085012,3
34013015006,4
34003230017,7
34035055007,3
34013055009,4
34031010111,2
34039095037,3
34003060001,6
34039060303,1
34013015001,4
34003085013,7
34039095050,3
34013027W06,4
34035045004,3
34003215003,7
34013055004,4
34003280009,6
34039005007,3
34013055022,4
34017025103,6
34031010505,7
34039095004,3
34023055006,1
34039085004,4
34017050501,5
34039060302,1
34017005304,3
34039065304,3
34013070W36,4
34003085005,7
34017005208,5
34039065602,3
34017030D07,6
34013070W35,4
34003085006,7
34017005305,3
34039065302,3
34017025301,6
34017005310,3
34019110007,3
34027105001,2
34035015007,2
34027005402,2
34027090003,2
34035030017,2
34035010020,2
34035015004,2
34027105016,2
34027145018,2
34027105014,2
34027145029,2
34035015002,2
34035010002,2
34035010018,2
34027105007,2
34027082001,2
34027082003,2
34027145030,2
34035100009,2
34035010003,2
34035010019,3
34027105010,2
34027145021,2
34039005003,2
34027105011,2
34027082005,2
34027145036,2
34027082002,2
34027145025,2
34027105009,2
34039005002,2
34039005006,2
34013037003,2
34013037001,2
34013037002,2
34013105003,2
34013105008,2
34013075003,2
34013075002,2
34013075004,2
34013037005,2
34013075001,2
34013105004,2
34031010103,7
34013037004,2
34031010109,7
34027145026,2
34003230009,7
34039005001,2
34003230010,7
34027050005,2
34031010506,7
34013025007,2
34013025010,2
34003230008,7
34003230004,7
34003230016,7
34003230007,7
34003070003,7
34003335006,7
34003230003,7
34003200001,7
34013080204,7
34013080203,2
34013025009,2
34013100001,2
34003230015,7
34013065201,2
34003255017,7
34013065204,2
34013070W38,4
34013065203,2
34003230006,7
34039090102,4
34013065208,2
34039009541,4
34003230002,7
34013010201,2
34013055014,4
34003230005,7
34013065202,2
34013060007,4
34003085003,7
34013065206,2
34039090212,4
34013010205,2
34003085004,7
34039090213,4
34013065209,2
34013025004,2
34013110203,4
34013010203,2
34039095049,4
34013040004,2
34039090209,4
34013065103,2
34013110301,4
34013025006,2
34039090208,4
34013065108,2
34013027W05,4
34013025005,2
34013080202,7
34013080104,2
34013080102,7
34013080105,7
34013065101,2
34013065210,2
34013065308,2
34039095008,4
34039095043,4
34013065107,2
34013010202,2
34039085005,4
34013110502,4
34013065302,2
34013110302,4
34013065207,2
34013080302,7
34017005311,5
34013100007,2
34039085006,4
34039020309,3
34017050101,6
34013065205,2
34017005306,5
34013065408,2
34013027N04,4
34003105502,6
34039065301,3
34017005309,3
34013065305,2
34017005312,5
34039095026,3
34039055008,4
34013065306,2
34017050106,5
34017005302,5
34035070002,3
34013100004,2
34017005314,5
34039020313,3
34017050801,5
34013100011,2
34017005313,3
34013065404,2
34013080107,7
34017005315,3
34017030D10,6
34039020202,3
34017005303,3
34013080303,5
34013065402,2
34017050104,5
34013080101,2
34017005316,3
34039095021,3
34013100003,2
34035070003,3
34013100010,2
34017005207,5
34013080304,7
34017050403,6
34017005211,3
34013010204,2
34031010115,2
34003105302,6
34035070010,3
34017005308,5
34013065106,2
34013065301,2
34003160011,5
34003105202,6
34039020205,3
34017005301,5
34013065104,2
34017005317,5
34013065307,2
34039020302,3
34017050502,5
34013010207,2
34039100404,3
34017005206,3
34013027S01,4
34013040008,2
34039095034,3
34017005209,3
34017050402,6
34039090201,4
34013065401,2
34013095002,4
34035045002,3
34017005307,5
34013065303,2
34013027S05,4
34017050401,5
34035000005,3
34017005318,5
34023025078,12
34023025001,1
34013065405,2
34039010202,3
34017005319,5
34039090104,4
34003105403,6
34013040001,2
34039095007,4
34039060104,3
34013065406,2
34003105402,6
34039095038,4
34017030A08,5
34039070104,3
34023025045,12
34013065403,2
34013070W39,4
34017005214,3
34023025040,12
34017040702,6
34039020303,3
34039055010,2
34039090103,4
34017030A06,5
34023050001,12
34039020304,3
34003105501,6
34017030A09,5
34013055010,4
34023050012,12
34039045503,3
34017030A34,5
34039085002,4
34039065405,3
34005950010,12
34023125311,3
34005090004,12
34005090002,12
34023125302,3
34005090006,12
34005090008,12
34023125313,3
34005155006,12
34023125309,3
34005120004,12
34023125305,3
34021005001,12
34013045W03,4
34017030A05,5
34017030A10,5
34005120006,12
34023065103,12
34013055012,4
34005135002,12
34039085001,4
34023125306,3
34013070W34,4
34013055021,4
34005200002,12
34023065104,12
34013070W37,4
34017030A11,5
34023065102,12
34039055009,4
34021005009,12
34017030A13,5
34017030A12,5
34013070W33,4
34039060205,1
34039055011,2
34021005010,12
34017030A15,5
34023055004,1
34013045N01,4
34039005009,2
34013100009,2
34013070W32,4
34013045W02,4
34039090204,3
34039090203,3
34013045W04,4
34039090206,3
34039050002,3
34039095020,4
34039085014,2
34013045W07,4
34039055005,2
34039055004,2
34013045W09,4
34039085013,2
34013100006,2
34013045W01,4
34039085007,2
34039095029,4
34039090205,2
34039095044,4
34031010120,2
34039095006,4
34013100008,2
34013027W03,4
34039090210,2
34013100002,2
34013027N03,4
34039085008,4
34039090207,2
34017030A07,5
34039080023,1
34021005012,12
34039085010,2
34013027W04,4
34023055005,1
34021005015,12
34039085009,2
34017030A14,5
34023075004,1
34039095039,4
34017030A04,5
34005950009,12
34023075010,1
34023050002,12
34013010211,2
34013027S02,4
34021065003,1
34023125405,12
34039095030,2
34023075019,12
34023125304,3
34039095005,4
34039095019,2
34017030A03,5
34023125109,3
34017045102,6
34013010208,2
34013027E05,4
34023125301,3
34023110004,1
34013010209,2
34017030A16,5
34023125307,3
34013070W40,4
34023005004,3
34017005215,3
34039090202,2
34039095024,2
34013030301,4
34013080106,2
34013070W29,4
34039095045,2
34013045W08,4
34013110503,2
34013065102,2
34013070W28,4
34013065109,2
34013070W41,4
34013065105,2
34013070W30,4
34013010111,2
34023125303,3
34039080019,1
34013070W31,4
34023005013,3
34023075021,1
34017005213,3
34013010112,2
34013045N04,4
34023005012,3
34017005210,3
34039095027,4
34023125113,3
34013010210,2
34017005212,5
34023085305,1
34013045W06,4
34023110008,1
34013010206,2
34017005205,3
34013045S07,4
34039010101,1
34003160010,7
34017030A17,5
34039095009,2
34013045N05,4
34013045N02,4
34013070W27,4
34013045S03,4
34039095010,2
34013010104,2
34013065304,2
34039095015,2
34039095022,2
34013040002,2
34039095014,3
34039095028,2
34039095040,2
34013040007,2
34013030101,2
34013030102,2
34013040005,2
34013065407,2
34013110501,2
34013040003,2
34013027N05,2
34013027N02,2
34013027E01,2
34013045S11,4
34013030310,4
34013027E02,2
34013030309,4
34039095042,2
34013030302,4
34013030303,4
34013030314,4
34013070W26,4
34013045N07,4
34013030312,4
34017030A18,5
34003160008,7
34013030306,4
34017030F01,5
34013045N03,4
34003160009,7
34017005105,5
34013045N06,4
34017005104,5
34013045S01,4
34017005103,5
34013070W25,4
34017005106,3
34023005005,3
34013045S08,4
34017005107,5
34023125114,3
34017005108,5
34013045S10,4
34023005019,3
34039035103,2
34017005102,3
34023005015,3
34013045S09,4
34039035302,2
34023005006,3
34017005101,3
34039035102,4
34023005014,3
34017030F27,5
34023005003,3
34017030F26,5
34017030F11,5
34023005010,3
34017030D09,6
34017030F13,5
34023125115,3
34003105101,7
34017030F12,5
34017050503,6
34017005216,3
34017005116,3
34017050603,6
34017005113,3
34023125408,12
34003285002,6
34023025036,12
34031035101,6
34017005112,3
34023125213,12
34017005111,3
34003075102,6
34017005114,3
34023125208,12
34003105103,6
34023125507,1
34017030A33,5
34023125207,12
34017030F04,5
34023125312,3
34003105201,6
34023005007,3
34023125407,1
34017005115,5
34039035203,4
34039035401,2
34023125308,3
34017005201,3
34023050003,12
34013070S44,4
34003285005,6
34039035402,2
34023005017,3
34023025042,12
34017005202,3
34003160001,5
34013070S45,4
34023005002,3
34003285003,6
34017005110,3
34013070S38,4
34003067010,6
34023125410,12
34013045S05,4
34017005109,3
34023005016,3
34005090003,12
34023005018,3
34039045603,3
34023125209,12
34013070S42,4
34017030A01,5
34003080004,6
34023125215,12
34039035202,4
34003105401,6
34039045402,3
34023125204,12
34017030A19,5
34039065401,3
34039035404,4
34023125206,12
34017030A30,5
34023125211,12
34003067001,6
34039060105,3
34017030A23,5
34023125210,12
34035040211,3
34017030A25,5
34023125205,12
34003067009,6
34017030A24,5
34023125212,12
34017030A20,5
34003067002,7
34005135003,12
34039045504,3
34023025053,12
34035000006,3
34017030A28,5
34023025046,12
34035030008,3
34039002211,3
34023025008,12
34017030A22,5
34023025007,12
34003067008,6
34039065102,3
34023070206,12
34017030A21,5
34039045501,3
34017030A29,5
34023080609,12
34039065101,3
34017030A26,5
34023080612,12
34017030D06,6
34035070015,3
34017030A31,5
34017030D17,6
34023080607,12
34039045303,3
34017025407,5
34017030A32,5
34023080602,12
34003280012,6
34023005001,3
34017030A27,5
34023080606,12
34017030F09,5
34003270001,6
34039045502,3
34023125511,1
34023080406,12
34017030B20,5
34003285006,7
34023005008,3
34023025067,1
34017030B22,5
34023080605,12
34023125512,1
34017030B23,5
34035070006,3
34003270004,7
34017030B01,5
34023080603,12
34023085408,1
34039045403,3
34003270002,6
34017030B02,5
34035020006,3
34023020023,12
34035070009,3
34023075012,1
34003067003,6
34017030B05,5
34023080614,12
34021015007,1
34023005009,3
34023125107,12
34023005011,3
34023020039,12
34039045404,3
34023025014,12
34035070011,3
34021055N01,1
34023025018,9
34023125513,3
34023025016,9
34023125503,3
34023025015,9
34021065014,1
34039045602,3
34023025029,9
34023110012,1
34039045703,3
34003067007,6
34023025019,9
34017030F08,5
34023125517,3
34023110015,1
34023075008,12
34023025010,9
34039020406,2
34017030C13,5
34039045601,3
34023025009,12
34003285009,6
34017030F07,5
34039002049,2
34023025011,9
34039045803,3
34003285008,6
34017030B19,5
34023025068,1
34023125502,3
34023125203,9
34039002048,3
34003285007,6
34039045702,3
34017030B17,5
34021065005,1
34021065006,1
34035030009,3
34017030B18,5
34023125505,1
34003230001,7
34003285011,6
34023125501,3
34017030C28,5
34035020007,3
34023085203,1
34003085010,6
34003270003,7
34035070001,3
34017030F15,5
34003285010,7
34023125510,1
34003085001,7
34003170005,6
34013070S41,4
34003170004,7
34017030F22,5
34013070S46,4
34003085009,6
34023125106,3
34017030F10,5
34003085008,7
34039045804,3
34039035301,4
34031035301,6
34017030F06,5
34039002028,3
34003280001,7
34013070S39,4
34003170006,6
34003280002,7
34013070S36,4
34039020209,3
34031035201,6
34017030F20,5
34013070S40,4
34003170001,7
34039060102,3
34031035202,7
34013070S35,4
34017030B03,5
34003085011,7
34039035201,4
34003085016,6
34017030F03,5
34003280003,7
34031035203,7
34017030F21,5
34013080306,7
34039035403,4
34039025005,3
34031035307,6
34017030B13,5
34039020405,4
34035045003,3
34023020014,12
34031035310,6
34013005404,7
34017030B29,5
34039020401,4
34039045701,3
34031010102,6
34025255001,12
34023020002,9
34039060103,3
34017030B31,5
34023080405,12
34035020005,3
34017030B30,5
34013080305,7
34039080014,3
34039020403,4
34017030B27,5
34029030052,10
34039060211,3
34023080401,12
34029030045,10
34017030B32,5
34039025004,3
34023080302,12
34039045802,3
34017030B28,5
34029030014,9
34023080301,12
34023125516,3
34017030B16,5
34029050002,10
34017030B10,5
34023125514,3
34023105014,12
34039060210,3
34029035032,10
34017030B14,5
34039060208,3
34023080610,12
34039080015,3
34017030B04,5
34029030038,10
34035045001,3
34023050004,12
34017030A02,5
34025255002,12
34029035016,10
34039080013,3
34039045801,3
34029025211,10
34023080601,12
34039002065,3
34017030F14,5
34023125111,12
34029025107,10
34017030C12,5
34025205001,12
34039080016,3
34017030B24,5
34029030009,9
34023125104,12
34029030004,9
34017030B21,5
34039010103,3
34017030F24,5
34021055N11,1
34029030008,10
34023125402,3
34021055W16,12
34039060207,3
34029030037,9
34021055W15,1
34023125413,3
34023125201,10
34023125202,9
34023025051,12
34023025041,12
34023020036,12
34023020037,12
34023020040,12
34023050005,9
34023020022,12
34023050006,9
34023020010,12
34023050008,12
34023050010,9
34023065115,12
34023065112,12
34023025006,9
34021005003,12
34023065114,12
34029030015,9
34029030051,10
34021005006,9
34029035038,10
34029035041,9
34029035017,9
34029035020,9
34029030044,9
34029030036,9
34039060204,3
34029030040,9
34007075010,10
34021055W08,1
34029035055,9
34023125508,1
34007075006,10
34029035046,9
34023070606,1
34029030019,9
34015090007,10
34023090001,1
34029025104,9
34029105001,10
34021005016,12
34023125518,3
34021055W06,1
34029025205,10
34039020206,3
34023125214,9
34023095005,10
34023080404,9
34023080402,10
34023085208,1
34023085306,1
34017030F16,5
34039020201,3
34017030C10,5
34023080403,12
34023095033,9
34021005011,12
34029025206,10
34029025332,9
34023025047,9
34023115005,9
34023025074,9
34023025057,9
34023025020,9
34023025061,9
34023020018,9
34023115003,9
34023020019,9
34023050013,9
34023020030,9
34023090006,1
34039020204,3
34023070402,1
34023080103,12
34017030B09,5
34039020603,3
34023085404,1
34017030F23,5
34017030F25,5
34023025066,1
34017030F05,5
34039002068,3
34017030B33,5
34023075013,1
34023070405,1
34017030B12,5
34039002010,3
34023070601,1
34017030B11,5
34039020103,3
34039020402,2
34023105015,1
34017030F17,5
34023125409,3
34039020305,2
34017030F18,5
34023070503,1
34039020107,3
34017030F19,5
34039020404,2
34023025070,1
34017035404,5
34039010204,3
34023090002,1
34039020109,3
34017035203,5
34017035406,5
34039020607,3
34023125506,1
34017035206,5
34039002067,2
34023080202,12
34039035303,4
34023125504,1
34023125515,1
34023075002,1
34023025064,1
34023025003,1
34023025033,1
34023090011,1
34023075014,1
34023075025,1
34023125404,1
34023080604,3
34023125105,12
34017030B26,5
34039020508,4
34023125103,3
34023125310,3
34017030B06,5
34023125112,12
34017030B25,5
34039060402,3
34023080502,12
34017030B07,5
34017035302,5
34023080501,12
34017030B15,5
34017030B08,5
34039020207,3
34039020502,3
34023025071,12
34017030C09,5
34023105030,12
34039020505,2
34039060401,3
34023125406,1
34023025076,1
34023125414,1
34039080018,3
34023070502,1
34023025065,1
34023025005,1
34023125403,1
34023125509,3
34023075016,1
34039010102,1
34023025002,1
34039010104,1
34039080017,1
34023085410,1
34023105023,1
34023125411,1
34017035405,5
34023105017,12
34039020511,2
34017035202,5
34017035407,5
34023075027,12
34023025072,12
34023025043,12
34039010404,3
34039080021,1
34023025077,1
34023125401,12
34039095017,3
34039020203,3
34023080201,12
34023080105,12
34025240002,10
34029120009,10
34029095001,10
34029035008,10
34025015008,10
34025125014,10
34029035026,10
34025050001,10
34029025103,10
34029030026,10
34007075028,10
34025125013,10
34023125110,3
34023125102,12
34023080613,12
34023070404,12
34023125101,12
34023080611,3
34023070501,12
34023125108,12
34023085407,1
34039060209,3
34023035013,1
34023085405,1
34039060206,1
34023085406,1
34023025058,1
34023035007,1
34023070401,1
34039060203,1
34023070403,1
34039060301,3
34039060202,1
34039060310,1
34039060201,3
34023080608,12
34023080503,12
34039020602,3
34039020101,3
34039002037,3
34039020102,3
34039020108,3
34039020104,3
34039095012,3
34039020306,3
34039002064,3
34039023811,3
34039020601,3
34039020105,3
34017005204,3
34039020606,3
34039020312,3
34039020106,3
34017005203,3
34039020504,3
34039020506,3
34039020509,3
34017030C20,5
34003195003,5
34003195005,5
34003195002,5
34003195001,5
34017035301,5
34013027E04,4
34003195010,5
34003195006,5
34039020510,4
34003195009,5
34039020410,4
34003160004,5
34039095018,4
34003160005,5
34013030106,2
34013030207,4
34003160014,7
34039020503,3
34013030201,2
34013030103,2
34039035101,2
34013030105,2
34039002047,2
34013030202,2
34013030110,2
34003160013,5
34013030311,4
34003195007,5
34013030304,4
34013070W24,4
34003160015,5
34013045E01,4
34003160006,5
34003160007,7
34013045E02,4
34003195008,5
34013045N09,4
34003160012,5
34013070W22,4
34017035402,5
34013030305,4
34003160003,5
34013045N08,4
34031035308,6
34013070S22,4
34003160002,5
34031010123,6
34013070S48,4
34017035403,5
34017035401,5
34013070S34,4
34017030C21,5
34013070W23,4
34017030C22,5
34013045S02,4
34017030C23,5
34017030C07,5
34013070S24,4
34013070S27,4
34017030C02,5
34017030C29,5
34013070S28,4
34017030D23,5
34013070S37,4
34013080206,7
34017030C14,5
34013070S29,4
34013080201,7
34031010106,6
34017030C27,5
34031010107,6
34017045302,5
34013080205,7
34003280011,7
34013005402,7
34013005401,7
34031035305,7
34031035306,7
34031035304,7
34003115404,7
34031035303,7
34003115401,7
34003170007,6
34003115405,7
34031035302,7
34003115402,7
34003067006,7
34003067004,7
34031035204,7
34031010108,6
34017045103,6
34017030D22,5
34017030D28,5
34017030D27,5
34003305012,6
34017040705,5
34003010001,6
34017040703,5
34003205002,6
34017040701,5
34003200003,6
34003205001,6
34003120003,6
34003120001,6
34003035005,6
34003130002,6
34003220002,7
34017030D13,5
34003220003,6
34003220004,6
34017030D12,5
34003260001,6
34017030D26,5
34003260002,7
34017030D11,5
34003260003,7
34003190005,6
34003190006,7
34017030D16,5
34017050601,5
34003190004,7
34003190008,7
34003015014,7
34017050203,5
34003015016,6
34003015017,7
34003050002,6
34017050201,5
34031035401,7
34003050001,6
34017030D15,5
34017050602,5
34003015001,6
34003015003,7
34003015004,7
34003015006,6
34003015005,7
34017030D18,5
34003015008,7
34003305003,6
34017050202,5
34003305004,7
34003115201,7
34017030D20,6
34017030D19,5
34031035309,7
34017030D21,5
34031035402,7
34031035102,7
34031035103,7
34031035404,7
34031035104,7
34031010402,7
34017030C31,5
34017030C24,5
34017030C03,5
34017030C01,5
34031010404,6
34017030C19,5
34017030C16,5
34031010305,6
34017030E20,5
34031010306,6
34031010303,6
34031010203,6
34031040609,6
34017025105,5
34017025106,5
34031010202,6
34031010204,6
34017025104,5
34017025101,5
34017025406,5
34031010503,6
34017025402,5
34031010504,6
34017030D04,5
34031010502,6
34017030D05,5
34031035205,7
34017030D01,5
34017030C30,5
34031040602,6
34017025404,5
34017025403,5
34017025401,5
34017030E22,5
34017030E16,5
34017025405,5
34007075017,11
34015020001,11
34007160006,11
34001055010,11
34007075008,11
34007155004,11
34007160003,11
34007155002,11
34007095001,11
34007075033,11
34007115002,11
34007043029,10
34015030005,11
34007043005,11
34007043039,11
34007043016,10
34007110008,11
34015030006,11
34015090021,11
34015090022,11
34015090027,11
34015090025,11
34015090037,11
34015090036,11
34015090028,11
34001042102,10
34005050104,11
34005065006,11
34005050103,11
34007043030,11
34007115004,11
34001042101,11
34001025004,11
34001060002,11
34001042201,11
34001055011,10
34015090039,11
34015090015,11
34015090035,11
34015090034,11
34033035002,11
34015030004,11
34015090026,11
34015030001,11
34007165001,11
34007105001,11
34007105002,11
34007075037,11
34015030002,8
34029080005,10
34023115001,9
34023020029,12
34025170012,8
34023050009,9
34025015001,8
34023050007,12
34023020025,9
34025015009,8
34023020033,9
34025185004,8
34025185005,8
34025185015,8
34023020001,9
34025185007,8
34023025013,12
34025015002,8
34023120002,9
34023077407,8
34023120007,12
34025140027,8
34023025063,9
34023065205,9
34023065106,9
34023065108,12
34023065109,9
34023065214,12
34023065209,9
34023065212,9
34023065101,9
34029035061,9
34029035029,9
34029035011,9
34029030035,9
34029030049,9
34029035042,9
34005200001,12
34023100202,8
34025047004,8
34029030041,8
34025047003,8
34025047001,8
34025260001,8
34025170009,8
34025170011,8
34029025000,8
34023095029,9
34023095032,10
34023095023,10
34023095004,10
34023095012,10
34023095027,10
34023095011,10
34023095015,10
34023095026,10
34023095010,10
34023077301,10
34023095013,10
34023095021,10
34023077302,10
34023095016,10
34023080101,12
34023077110,10
34023077307,10
34023095014,10
34023095024,10
34023077306,10
34023077305,10
34023077109,10
34023077201,10
34023095019,10
34023095031,10
34023077107,10
34029030002,10
34023095020,10
34023095034,10
34023080104,10
34029120014,10
34029120007,10
34029025233,10
34025170004,10
34029030025,10
34023077304,10
34023080102,10
34023077303,10
34031040507,6
34017030E23,5
34031010401,7
34031040509,6
34017030E15,5
34031010405,7
34031035206,7
34031040503,6
34017030E01,5
34031010501,7
34031010302,6
34017030E08,5
34003015009,7
34003305005,6
34031040312,6
34031040311,7
34017030E21,5
34003075303,7
34003075302,6
34003115501,7
34017030D29,5
34031035208,6
34003115305,7
34017040704,5
34031035406,6
34017030D14,5
34003300006,7
34017030D02,5
34031035407,6
34017030D24,5
34031035405,7
34003300008,6
34017030D25,5
34003300007,7
34017030C11,5
34003300010,6
34017030C25,5
34003115506,7
34003300011,6
34017030C08,5
34017030C06,5
34003190009,6
34003015012,7
34017030C15,5
34017030C26,5
34003015010,6
34003015011,7
34017030D03,5
34003300012,7
34003300009,7
34017030C17,5
34017030C04,5
34003260008,6
34003260007,7
34017030E03,5
34003260006,6
34003260005,7
34003260004,6
34003115505,7
34017030C05,5
34003085007,7
34017030E17,5
34003275001,6
34003050010,6
34031010117,2
34017030C18,5
34003305010,6
34003110001,7
34003305011,6
34017030E10,5
34003305009,6
34003255013,7
34017030E11,5
34003075104,6
34017030F29,5
34003085012,7
34003255018,7
34003075103,6
34017030F02,5
34003110007,7
34003305006,6
34017030E19,5
34003305008,6
34003067005,7
34003305007,6
34017030F28,5
34003255019,7
34003040003,6
34031010403,7
34017030F31,5
34003305002,6
34003085002,7
34017030E04,5
34003040004,6
34003170003,7
34017030E12,5
34003035004,6
34003170002,7
34017030E14,5
34003035006,6
34003115504,7
34017030F30,5
34003040002,6
34003190007,7
34017030E18,5
34003045002,6
34003115503,7
34017030E05,5
34003115502,7
34003045003,6
34031040405,7
34003040005,6
34017030E02,5
34003035001,6
34031035403,7
34003040006,6
34017030E06,5
34003200002,6
34003015015,7
34003040001,6
34003035002,6
34003115304,7
34003305001,6
34003015007,7
34017030E13,5
34003035003,6
34003300013,7
34017030E07,5
34003045001,6
34003300015,7
34003120002,6
34017030E09,5
34003050003,6
34031040406,7
34003050006,6
34031040501,7
34003190003,6
34031040309,7
34003130001,6
34031040310,7
34003015002,7
34031040504,7
34003220001,6
34003050011,6
34031040313,7
34003050007,6
34031040302,7
34003190002,6
34003050009,6
34031040301,7
34031040603,7
34003050008,6
34031040606,7
34003190001,7
34031040607,7
34003050004,6
34003050005,6
34031010301,7
34031010307,6
34031010304,7
34031040608,7
34003300016,6
34031010308,7
34031040604,7
34003300017,6
34031040605,7
34031035207,6
34031040303,7
34031035209,7
34003115303,6
34031040505,7
34003075304,7
34003300014,6
34003015013,7
